/*
 * Retail state that no code in this port reads.
 *
 * Nearly four hundred and seventy symbols, and none of them dead. There are
 * three kinds here and it is worth telling them apart before deleting
 * anything.
 *
 * Most of it is the PSY-Q libraries' own state: the SPU and sequencer, the
 * CD-ROM driver, the GPU and MDEC command mirrors, the interrupt and DMA
 * tables, libc's digit and ctype tables. The port drives all of that through
 * its own backends, so nothing reads these, but they are the retail data
 * segment and they are carried whole.
 *
 * Then there is residue. Retail named addresses, not objects, so an array's
 * declared size runs on to the next named address and swallows whatever sat
 * between. Where the swallowing symbol is read and the swallowed one is not,
 * the swallowed name lands here while its bytes are still in use somewhere
 * else: the paths to all one hundred and thirty-five assets are read through
 * g_MsgNegconMaxTwist over in host_state_menu.c, and the names of the courses
 * through g_CaptionBestLapTime. So an unread name here does not mean unread
 * bytes, and the messages and format strings in this file are mostly that.
 *
 * Last, working memory. g_CdDirEntryName is five and a half kilobytes of
 * directory entries; g_CdFileCache and g_CdRootDirLba add more uninitialised
 * storage. Nothing is being preserved there but the room.
 *
 * g_CellScanOffsets is initialised and read by BuildVisibleCells. It remains
 * here only until the active table is moved alongside that track code.
 *
 * Order is retail's address order, which is the only order any of this has.
 */

#include <stddef.h>

#include "common.h"
#include "game/prize_money.h"

/* Unnamed retail data between known objects. These bytes used to be swallowed
 * by the preceding symbols' guessed array sizes. */
u8 D_8007DA7C[12] __attribute__((aligned(16)));
u8 D_8007E24C[60] __attribute__((aligned(16))) = {
    0x77,0xba,0x00,0x00,0x4c,0x17,0x00,0x00,0x7a,0x31,0x00,0x00,
    0x00,0x00,0x00,0x00,0x50,0x00,0x4b,0x00,0x38,0xbc,0x00,0x00,
    0x5b,0x17,0x00,0x00,0xd7,0x30,0x00,0x00,0x01,0x00,0x00,0x00,
    0x5a,0x00,0x0f,0x00,0x00,0x00,0x00,0x00,0x00,0x00,0x00,0x00,
    0x00,0x00,0x00,0x00,0x01,0x00,0x00,0x00,0xff,0xff,0x00,0x00
};
u8 D_8009AFC4[8] __attribute__((aligned(16)));

/* Unnamed retail words that followed the eight sky UV records. The final two
 * words look like PSX addresses, not texture coordinates. */
unsigned char g_UnreadSkyTileTrailer[24] __attribute__((aligned(16))) = {
    0, 0, 0, 0, 0, 0, 0, 0,
    0, 0, 0, 0, 0, 0, 0, 0,
    0x40, 0x16, 0x01, 0x80, 0x2C, 0x16, 0x01, 0x80,
};

unsigned char g_NegconSteerPlayUvQuad[8] __attribute__((aligned(16))) = {0x40,0x10,0x50,0x10,0x40,0x20,0x50,0x20};
unsigned char g_NegconMaxTwistUvQuad[8] __attribute__((aligned(16))) = {0x38,0x60,0x38,0x70,0x58,0x70,0x58,0x60};
unsigned char g_MsgNowLoading[32] __attribute__((aligned(16))) = "Now Loading [%s]->[0x%08x] ... ";
unsigned char g_MsgReadBytes[12] __attribute__((aligned(16))) = {0x72,0x65,0x61,0x64,0x3a,0x25,0x64,0x0a,0x00,0x00,0x00,0x00};
unsigned char g_MsgFileReadError[48] __attribute__((aligned(16))) = {0x46,0x69,0x6c,0x65,0x20,0x72,0x65,0x61,0x64,0x20,0x65,0x72,0x72,0x6f,0x72,0x3a,0x25,0x73,0x0a,0x00,0xb8,0x7c,0x01,0x80,0xfc,0x7c,0x01,0x80,0x28,0x7d,0x01,0x80,0x4c,0x7d,0x01,0x80,0x88,0x7d,0x01,0x80,0xd0,0x7d,0x01,0x80,0x08,0x7e,0x01,0x80};
unsigned char g_PathRageBin[12] __attribute__((aligned(16))) = "\\RAGE.BIN;1";
unsigned char g_MsgFileNotFound[20] __attribute__((aligned(16))) = {0x46,0x69,0x6c,0x65,0x20,0x6e,0x6f,0x74,0x20,0x66,0x6f,0x75,0x6e,0x64,0x3a,0x20,0x25,0x73,0x0a,0x00};
unsigned char g_MsgReadSectors[16] __attribute__((aligned(16))) = {0x72,0x65,0x61,0x64,0x3a,0x25,0x64,0x73,0x65,0x63,0x74,0x6f,0x72,0x0a,0x00,0x00};
unsigned char g_MsgNowSearching[24] __attribute__((aligned(16))) = "Now Searching [%s] ... ";
unsigned char g_PathRageStr[12] __attribute__((aligned(16))) = "\\RAGE.STR;1";
unsigned char g_MsgSearchOk[164] __attribute__((aligned(16))) = {0x53,0x65,0x61,0x72,0x63,0x68,0x20,0x6f,0x6b,0x21,0x0a,0x00,0x00,0x00,0x00,0x00,0x0c,0x81,0x01,0x80,0x54,0x81,0x01,0x80,0x80,0x81,0x01,0x80,0xc4,0x81,0x01,0x80,0xe8,0x81,0x01,0x80,0x3c,0x82,0x01,0x80,0x54,0x90,0x01,0x80,0xd0,0x90,0x01,0x80,0xf4,0x90,0x01,0x80,0xec,0x91,0x01,0x80,0x10,0x92,0x01,0x80,0x58,0x93,0x01,0x80,0x58,0x95,0x01,0x80,0x00,0x00,0x00,0x00,0x4c,0x9c,0x01,0x80,0x5c,0x9c,0x01,0x80,0x6c,0x9c,0x01,0x80,0x7c,0x9c,0x01,0x80,0x8c,0x9c,0x01,0x80,0xa4,0x9c,0x01,0x80,0xbc,0x9c,0x01,0x80,0xcc,0x9c,0x01,0x80,0xdc,0x9c,0x01,0x80,0xec,0x9c,0x01,0x80,0xfc,0x9c,0x01,0x80,0x0c,0x9d,0x01,0x80,0x44,0xb7,0x01,0x80,0x98,0xb7,0x01,0x80,0x08,0xb8,0x01,0x80,0x40,0xb8,0x01,0x80,0x50,0xb8,0x01,0x80,0x00,0x00,0x00,0x00,0xf4,0xb8,0x01,0x80,0xf4,0xb8,0x01,0x80,0x38,0xb9,0x01,0x80,0x48,0xb9,0x01,0x80,0x50,0xb9,0x01,0x80};
unsigned char g_MsgFmvSector[8] __attribute__((aligned(16))) = "%d ";
unsigned char g_MsgFmvDecodeTimeout[188] __attribute__((aligned(16))) =
    "time out in decoding !\n\0"
    "RAGE\0\0\0\0"
    "COLERE\0\0"
    "IRRITATION\0\0"
    "AGITATION\0\0\0"
    "AISANCE\0"
    "DIABLE\0\0"
    "TEMPETE\0"
    "MISTRAL\0"
    "RAFALE\0\0"
    "BRISE\0\0\0"
    "CALME\0\0\0"
    "THE EXTREME OVAL\0\0\0\0"
    "LAKESIDE GATE\0\0\0"
    "OVER PASS CITY\0\0"
    "MYTHICAL COAST";
unsigned char g_MsgCdReadSectorError[24] __attribute__((aligned(16))) = {0x43,0x64,0x52,0x65,0x61,0x64,0x3a,0x20,0x73,0x65,0x63,0x74,0x6f,0x72,0x20,0x65,0x72,0x72,0x6f,0x72,0x0a,0x00,0x00,0x00};
unsigned char g_MsgCdReadShellOpen[24] __attribute__((aligned(16))) = {0x43,0x64,0x52,0x65,0x61,0x64,0x3a,0x20,0x53,0x68,0x65,0x6c,0x6c,0x20,0x6f,0x70,0x65,0x6e,0x2e,0x2e,0x2e,0x0a,0x00,0x00};
unsigned char g_MsgCdReadRetry[444] __attribute__((aligned(16))) =
    "CdRead: retry...\n\0\0\0"
    "Select file to save.\0\0\0\0"
    "Select file to load.\0\0\0\0"
    "Please insert a Memory card.\0\0\0\0"
    "No Memory card.\0"
    "Please delete a file.\0\0\0"
    "Memory card full.\0\0\0"
    "Please insert another card.\0"
    "No data in Memory card.\0"
    "New Memory card.\0\0\0\0"
    "                      Yes       No\0\0"
    "Format Memory card\?\0"
    "Overwrite old file\?\0"
    "Now accessing Memory card.\0\0"
    "Memory card error.\0\0"
    "LOAD DATA OK!\0\0\0"
    "SAVE DATA OK!\0\0\0"
    "FORMAT DATA OK!\0"
    "Choose another file.\0\0\0\0"
    "No file found.";
char g_MsgSoundError[16] __attribute__((aligned(16))) = "sound error\n";
char g_MsgInitSoundOk[16] __attribute__((aligned(16))) = "init_sound ok\n";
char g_MsgInitEngineOk[16] __attribute__((aligned(16))) = "init_engine ok\n";
unsigned char g_TextCongratulations[1028] __attribute__((aligned(16))) = {0x43,0x4f,0x4e,0x47,0x52,0x41,0x54,0x55,0x4c,0x41,0x54,0x49,0x4f,0x4e,0x53,0x21,0x21,0x00,0x00,0x00,0xd4,0x90,0x03,0x80,0x24,0x91,0x03,0x80,0x3c,0x91,0x03,0x80,0x5c,0x91,0x03,0x80,0xd4,0x90,0x03,0x80,0x68,0xf6,0x03,0x80,0x88,0xf6,0x03,0x80,0x88,0xf6,0x03,0x80,0xb8,0xf6,0x03,0x80,0xb8,0xf6,0x03,0x80,0xf0,0xf6,0x03,0x80,0x20,0x0e,0x04,0x80,0x2c,0x0e,0x04,0x80,0x2c,0x0e,0x04,0x80,0x60,0x0e,0x04,0x80,0x60,0x0e,0x04,0x80,0x20,0x0e,0x04,0x80,0x5c,0x43,0x44,0x44,0x41,0x5c,0x44,0x41,0x31,0x37,0x45,0x58,0x54,0x52,0x2e,0x44,0x41,0x3b,0x31,0x00,0x5c,0x43,0x44,0x44,0x41,0x5c,0x44,0x41,0x31,0x36,0x45,0x4e,0x44,0x31,0x2e,0x44,0x41,0x3b,0x31,0x00,0x5c,0x43,0x44,0x44,0x41,0x5c,0x44,0x41,0x31,0x35,0x4f,0x56,0x45,0x52,0x2e,0x44,0x41,0x3b,0x31,0x00,0x5c,0x43,0x44,0x44,0x41,0x5c,0x44,0x41,0x31,0x34,0x4e,0x41,0x4d,0x45,0x2e,0x44,0x41,0x3b,0x31,0x00,0x5c,0x43,0x44,0x44,0x41,0x5c,0x44,0x41,0x31,0x33,0x52,0x50,0x54,0x4d,0x2e,0x44,0x41,0x3b,0x31,0x00,0x5c,0x43,0x44,0x44,0x41,0x5c,0x44,0x41,0x31,0x32,0x52,0x50,0x4c,0x59,0x2e,0x44,0x41,0x3b,0x31,0x00,0x5c,0x43,0x44,0x44,0x41,0x5c,0x44,0x41,0x31,0x31,0x56,0x4f,0x43,0x44,0x2e,0x44,0x41,0x3b,0x31,0x00,0x5c,0x43,0x44,0x44,0x41,0x5c,0x44,0x41,0x31,0x30,0x54,0x52,0x4e,0x43,0x2e,0x44,0x41,0x3b,0x31,0x00,0x5c,0x43,0x44,0x44,0x41,0x5c,0x44,0x41,0x30,0x39,0x4a,0x47,0x4c,0x31,0x2e,0x44,0x41,0x3b,0x31,0x00,0x5c,0x43,0x44,0x44,0x41,0x5c,0x44,0x41,0x30,0x38,0x47,0x54,0x52,0x2e,0x44,0x41,0x3b,0x31,0x00,0x00,0x5c,0x43,0x44,0x44,0x41,0x5c,0x44,0x41,0x30,0x37,0x44,0x4e,0x43,0x45,0x2e,0x44,0x41,0x3b,0x31,0x00,0x5c,0x43,0x44,0x44,0x41,0x5c,0x44,0x41,0x30,0x36,0x4a,0x47,0x4c,0x32,0x2e,0x44,0x41,0x3b,0x31,0x00,0x5c,0x43,0x44,0x44,0x41,0x5c,0x44,0x41,0x30,0x35,0x4a,0x4e,0x47,0x4c,0x2e,0x44,0x41,0x3b,0x31,0x00,0x5c,0x43,0x44,0x44,0x41,0x5c,0x44,0x41,0x30,0x34,0x48,0x43,0x2e,0x44,0x41,0x3b,0x31,0x00,0x00,0x00,0x5c,0x43,0x44,0x44,0x41,0x5c,0x44,0x41,0x30,0x33,0x54,0x45,0x43,0x48,0x2e,0x44,0x41,0x3b,0x31,0x00,0x5c,0x43,0x44,0x44,0x41,0x5c,0x44,0x41,0x30,0x32,0x50,0x52,0x4f,0x2e,0x44,0x41,0x3b,0x31,0x00,0x00,0x66,0x69,0x6c,0x65,0x5b,0x31,0x5d,0x20,0x69,0x73,0x20,0x44,0x55,0x4d,0x4d,0x59,0x00,0x00,0x00,0x00,0x66,0x69,0x6c,0x65,0x5b,0x30,0x5d,0x20,0x69,0x73,0x20,0x44,0x55,0x4d,0x4d,0x59,0x00,0x00,0x00,0x00,0xdc,0x32,0x04,0x80,0x00,0x33,0x04,0x80,0x3c,0x33,0x04,0x80,0x84,0x33,0x04,0x80,0xc0,0x33,0x04,0x80,0xdc,0x33,0x04,0x80,0x18,0x34,0x04,0x80,0x60,0x34,0x04,0x80,0xd8,0x35,0x04,0x80,0xf4,0x35,0x04,0x80,0x20,0x36,0x04,0x80,0x68,0x36,0x04,0x80,0x18,0x37,0x04,0x80,0x40,0x37,0x04,0x80,0x88,0x37,0x04,0x80,0x80,0x3c,0x04,0x80,0xc4,0x3d,0x04,0x80,0x38,0x46,0x04,0x80,0xa8,0x48,0x04,0x80,0xec,0x4f,0x04,0x80,0x0c,0x53,0x04,0x80,0xb4,0x61,0x04,0x80,0xe4,0x61,0x04,0x80,0x14,0x62,0x04,0x80,0x40,0x62,0x04,0x80,0x40,0x62,0x04,0x80,0x40,0x62,0x04,0x80,0x40,0x62,0x04,0x80,0x40,0x62,0x04,0x80,0x40,0x62,0x04,0x80,0x40,0x62,0x04,0x80,0x40,0x62,0x04,0x80,0x40,0x62,0x04,0x80,0x40,0x62,0x04,0x80,0x40,0x62,0x04,0x80,0x40,0x62,0x04,0x80,0x40,0x62,0x04,0x80,0x40,0x62,0x04,0x80,0x40,0x62,0x04,0x80,0x40,0x62,0x04,0x80,0x40,0x62,0x04,0x80,0x40,0x62,0x04,0x80,0x40,0x62,0x04,0x80,0x40,0x62,0x04,0x80,0x40,0x62,0x04,0x80,0x40,0x62,0x04,0x80,0x40,0x62,0x04,0x80,0x40,0x62,0x04,0x80,0x40,0x62,0x04,0x80,0x40,0x62,0x04,0x80,0x40,0x62,0x04,0x80,0x40,0x62,0x04,0x80,0x40,0x62,0x04,0x80,0xb4,0x61,0x04,0x80,0xe4,0x61,0x04,0x80,0x14,0x62,0x04,0x80,0xf0,0x79,0x04,0x80,0x08,0x7a,0x04,0x80,0x30,0x7a,0x04,0x80,0x48,0x7a,0x04,0x80,0x48,0x7a,0x04,0x80,0x48,0x7a,0x04,0x80,0x48,0x7a,0x04,0x80,0x38,0x7a,0x04,0x80,0x48,0x7a,0x04,0x80,0x48,0x7a,0x04,0x80,0x48,0x7a,0x04,0x80,0x48,0x7a,0x04,0x80,0x28,0x7a,0x04,0x80,0x00,0x7a,0x04,0x80,0xf8,0x79,0x04,0x80,0x20,0x7a,0x04,0x80,0x48,0x7a,0x04,0x80,0x48,0x7a,0x04,0x80,0x48,0x7a,0x04,0x80,0x48,0x7a,0x04,0x80,0x48,0x7a,0x04,0x80,0x48,0x7a,0x04,0x80,0x48,0x7a,0x04,0x80,0x48,0x7a,0x04,0x80,0x48,0x7a,0x04,0x80,0x48,0x7a,0x04,0x80,0x40,0x7a,0x04,0x80,0x48,0x7a,0x04,0x80,0x48,0x7a,0x04,0x80,0x48,0x7a,0x04,0x80,0x48,0x7a,0x04,0x80,0x10,0x7a,0x04,0x80,0x18,0x7a,0x04,0x80,0x00,0x00,0x00,0x00,0xa4,0x88,0x04,0x80,0xa4,0x88,0x04,0x80,0x38,0x89,0x04,0x80,0x38,0x89,0x04,0x80,0x38,0x89,0x04,0x80,0x38,0x89,0x04,0x80,0x38,0x89,0x04,0x80,0x38,0x89,0x04,0x80,0x38,0x89,0x04,0x80,0x90,0x88,0x04,0x80,0xd0,0x88,0x04,0x80,0x38,0x89,0x04,0x80,0x38,0x89,0x04,0x80,0x38,0x89,0x04,0x80,0x38,0x89,0x04,0x80,0x38,0x89,0x04,0x80,0x38,0x89,0x04,0x80,0x38,0x89,0x04,0x80,0x38,0x89,0x04,0x80,0xbc,0x88,0x04,0x80,0xfc,0x88,0x04,0x80,0x38,0x89,0x04,0x80,0x38,0x89,0x04,0x80,0x38,0x89,0x04,0x80,0x38,0x89,0x04,0x80,0x38,0x89,0x04,0x80,0x38,0x89,0x04,0x80,0x38,0x89,0x04,0x80,0x38,0x89,0x04,0x80,0xe8,0x88,0x04,0x80,0x28,0x89,0x04,0x80,0x38,0x89,0x04,0x80,0x38,0x89,0x04,0x80,0x38,0x89,0x04,0x80,0x38,0x89,0x04,0x80,0x38,0x89,0x04,0x80,0x38,0x89,0x04,0x80,0x38,0x89,0x04,0x80,0x38,0x89,0x04,0x80,0x14,0x89,0x04,0x80,0x58,0x8f,0x04,0x80,0x50,0x8f,0x04,0x80,0x48,0x8f,0x04,0x80,0x40,0x8f,0x04,0x80,0x38,0x8f,0x04,0x80,0xa6,0x35,0xac,0x00,0x7d,0x27,0x96,0x00,0x54,0x1c,0x94,0x00,0x2c,0x12,0x83,0x00,0x00,0x00,0x00,0x00,0xb8,0x98,0x04,0x80,0xdc,0x98,0x04,0x80,0x00,0x99,0x04,0x80,0x24,0x99,0x04,0x80,0x48,0x99,0x04,0x80};
unsigned char g_LibcUpperDigits[20] __attribute__((aligned(16))) = "0123456789ABCDEF";
unsigned char g_LibcLowerDigits[200] __attribute__((aligned(16))) = {0x30,0x31,0x32,0x33,0x34,0x35,0x36,0x37,0x38,0x39,0x61,0x62,0x63,0x64,0x65,0x66,0x00,0x00,0x00,0x00,0xd0,0x35,0x06,0x80,0x48,0x3a,0x06,0x80,0x48,0x3a,0x06,0x80,0x48,0x3a,0x06,0x80,0x48,0x3a,0x06,0x80,0x48,0x3a,0x06,0x80,0x48,0x3a,0x06,0x80,0x48,0x3a,0x06,0x80,0x48,0x3a,0x06,0x80,0x48,0x3a,0x06,0x80,0x48,0x3a,0x06,0x80,0x48,0x3a,0x06,0x80,0x68,0x38,0x06,0x80,0x48,0x3a,0x06,0x80,0x48,0x3a,0x06,0x80,0x48,0x3a,0x06,0x80,0x48,0x3a,0x06,0x80,0x48,0x3a,0x06,0x80,0x48,0x3a,0x06,0x80,0x48,0x3a,0x06,0x80,0x48,0x3a,0x06,0x80,0x48,0x3a,0x06,0x80,0x48,0x3a,0x06,0x80,0x70,0x39,0x06,0x80,0xfc,0x35,0x06,0x80,0x48,0x3a,0x06,0x80,0x48,0x3a,0x06,0x80,0x48,0x3a,0x06,0x80,0xb8,0x35,0x06,0x80,0xfc,0x35,0x06,0x80,0x48,0x3a,0x06,0x80,0x48,0x3a,0x06,0x80,0xc4,0x35,0x06,0x80,0x48,0x3a,0x06,0x80,0x14,0x3a,0x06,0x80,0x64,0x37,0x06,0x80,0x54,0x38,0x06,0x80,0x48,0x3a,0x06,0x80,0x48,0x3a,0x06,0x80,0x90,0x39,0x06,0x80,0x48,0x3a,0x06,0x80,0x4c,0x36,0x06,0x80,0x48,0x3a,0x06,0x80,0x48,0x3a,0x06,0x80,0x78,0x38,0x06,0x80};
unsigned char g_LibcNullText[8] __attribute__((aligned(16))) = "<NULL>";
unsigned char g_MsgCdTrackRange[16] __attribute__((aligned(16))) = {0x74,0x72,0x61,0x63,0x6b,0x3d,0x25,0x64,0x2c,0x25,0x64,0x0a,0x00,0x00,0x00,0x00};
unsigned char g_MsgCdGetToc2Entry[28] __attribute__((aligned(16))) = {0x43,0x64,0x47,0x65,0x74,0x54,0x6f,0x63,0x32,0x3a,0x20,0x25,0x30,0x32,0x78,0x3a,0x25,0x30,0x32,0x78,0x3a,0x30,0x30,0x0a,0x00,0x00,0x00,0x00};
unsigned char g_MsgCdGetToc2Error[20] __attribute__((aligned(16))) = {0x43,0x64,0x47,0x65,0x74,0x54,0x6f,0x63,0x32,0x3a,0x20,0x65,0x72,0x72,0x6f,0x72,0x0a,0x00,0x00,0x00};
unsigned char g_MsgCdInitFailed[24] __attribute__((aligned(16))) = {0x43,0x64,0x49,0x6e,0x69,0x74,0x3a,0x20,0x49,0x6e,0x69,0x74,0x20,0x66,0x61,0x69,0x6c,0x65,0x64,0x0a,0x00,0x00,0x00,0x00};
unsigned char g_MsgCdNone[324] __attribute__((aligned(16))) =
    "none\0\0\0\0"
    "CdlReadS\0\0\0\0"
    "CdlSeekP\0\0\0\0"
    "CdlSeekL\0\0\0\0"
    "CdlGetTD\0\0\0\0"
    "CdlGetTN\0\0\0\0"
    "CdlGetlocP\0\0"
    "CdlGetlocL\0\0"
    "\?\0\0\0"
    "CdlSetmode\0\0"
    "CdlSetfilter\0\0\0\0"
    "CdlDemute\0\0\0"
    "CdlMute\0"
    "CdlReset\0\0\0\0"
    "CdlPause\0\0\0\0"
    "CdlStop\0"
    "CdlStandby\0\0"
    "CdlReadN\0\0\0\0"
    "CdlBackword\0"
    "CdlForward\0\0"
    "CdlPlay\0"
    "CdlSetloc\0\0\0"
    "CdlNop\0\0"
    "CdlSync\0"
    "DiskError\0\0\0"
    "DataEnd\0"
    "Acknowledge\0"
    "Complete\0\0\0\0"
    "DataReady\0\0\0"
    "NoIntr";
unsigned char g_MsgCdTimeout[16] __attribute__((aligned(16))) = "CD timeout: ";
unsigned char g_FmtCdTimeoutState[28] __attribute__((aligned(16))) = {0x25,0x73,0x3a,0x28,0x25,0x73,0x29,0x20,0x53,0x79,0x6e,0x63,0x3d,0x25,0x73,0x2c,0x20,0x52,0x65,0x61,0x64,0x79,0x3d,0x25,0x73,0x0a,0x00,0x00};
unsigned char g_MsgCdDiskError[12] __attribute__((aligned(16))) = "DiskError: ";
unsigned char g_MsgCdErrorCommandCode[28] __attribute__((aligned(16))) = {0x63,0x6f,0x6d,0x3d,0x25,0x73,0x2c,0x63,0x6f,0x64,0x65,0x3d,0x28,0x25,0x30,0x32,0x78,0x3a,0x25,0x30,0x32,0x78,0x29,0x0a,0x00,0x00,0x00,0x00};
unsigned char g_MsgCdUnknownIntr[20] __attribute__((aligned(16))) = "CDROM: unknown intr";
unsigned char g_MsgCdUnknownIntrCode[32] __attribute__((aligned(16))) = {0x28,0x25,0x64,0x29,0x0a,0x00,0x00,0x00,0x00,0x00,0x00,0x00,0x00,0xaf,0x06,0x80,0xb4,0xae,0x06,0x80,0xb4,0xad,0x06,0x80,0x84,0xaf,0x06,0x80,0x0c,0xb0,0x06,0x80};
unsigned char g_MsgCdSyncName[8] __attribute__((aligned(16))) = "CD_sync";
unsigned char g_MsgCdReadyName[12] __attribute__((aligned(16))) = "CD_ready";
unsigned char g_FmtCdCommand[8] __attribute__((aligned(16))) = {0x25,0x73,0x2e,0x2e,0x2e,0x0a,0x00,0x00};
unsigned char g_FmtCdNoParam[16] __attribute__((aligned(16))) = {0x25,0x73,0x3a,0x20,0x6e,0x6f,0x20,0x70,0x61,0x72,0x61,0x6d,0x0a,0x00,0x00,0x00};
unsigned char g_CdAlarmNameCw[60] __attribute__((aligned(16))) =
    "CD_cw\0\0\0"
    "$Id: bios.c,v 1.77 1996/05/13 06:58:16 suzu Exp $";
unsigned char g_MsgCdInit[12] __attribute__((aligned(16))) = "CD_init:";
unsigned char g_MsgCdInitAddr[12] __attribute__((aligned(16))) = {0x61,0x64,0x64,0x72,0x3d,0x25,0x30,0x38,0x78,0x0a,0x00,0x00};
unsigned char g_MsgCdDataSync[12] __attribute__((aligned(16))) = "CD_datasync";
unsigned char g_FmtCdPathLevelError[28] __attribute__((aligned(16))) = {0x25,0x73,0x3a,0x20,0x70,0x61,0x74,0x68,0x20,0x6c,0x65,0x76,0x65,0x6c,0x20,0x28,0x25,0x64,0x29,0x20,0x65,0x72,0x72,0x6f,0x72,0x0a,0x00,0x00};
unsigned char g_FmtCdDirNotFound[24] __attribute__((aligned(16))) = {0x25,0x73,0x3a,0x20,0x64,0x69,0x72,0x20,0x77,0x61,0x73,0x20,0x6e,0x6f,0x74,0x20,0x66,0x6f,0x75,0x6e,0x64,0x0a,0x00,0x00};
unsigned char g_MsgCdDiscError[28] __attribute__((aligned(16))) = {0x43,0x64,0x53,0x65,0x61,0x72,0x63,0x68,0x46,0x69,0x6c,0x65,0x3a,0x20,0x64,0x69,0x73,0x63,0x20,0x65,0x72,0x72,0x6f,0x72,0x0a,0x00,0x00,0x00};
unsigned char g_FmtCdSearching[32] __attribute__((aligned(16))) = {0x43,0x64,0x53,0x65,0x61,0x72,0x63,0x68,0x46,0x69,0x6c,0x65,0x3a,0x20,0x73,0x65,0x61,0x72,0x63,0x68,0x69,0x6e,0x67,0x20,0x25,0x73,0x2e,0x2e,0x2e,0x0a,0x00,0x00};
unsigned char g_FmtCdFileFound[12] __attribute__((aligned(16))) = {0x25,0x73,0x3a,0x20,0x20,0x66,0x6f,0x75,0x6e,0x64,0x0a,0x00};
unsigned char g_FmtCdFileNotFound[16] __attribute__((aligned(16))) = {0x25,0x73,0x3a,0x20,0x6e,0x6f,0x74,0x20,0x66,0x6f,0x75,0x6e,0x64,0x0a,0x00,0x00};
unsigned char g_MsgCdPvdReadError[44] __attribute__((aligned(16))) = {0x43,0x44,0x5f,0x6e,0x65,0x77,0x6d,0x65,0x64,0x69,0x61,0x3a,0x20,0x52,0x65,0x61,0x64,0x20,0x65,0x72,0x72,0x6f,0x72,0x20,0x69,0x6e,0x20,0x63,0x64,0x5f,0x72,0x65,0x61,0x64,0x28,0x50,0x56,0x44,0x29,0x0a,0x00,0x00,0x00,0x00};
unsigned char g_CdVolumeSignature[8] __attribute__((aligned(16))) = "CD001";
unsigned char g_MsgCdPvdFormatError[48] __attribute__((aligned(16))) = {0x43,0x44,0x5f,0x6e,0x65,0x77,0x6d,0x65,0x64,0x69,0x61,0x3a,0x20,0x44,0x69,0x73,0x63,0x20,0x66,0x6f,0x72,0x6d,0x61,0x74,0x20,0x65,0x72,0x72,0x6f,0x72,0x20,0x69,0x6e,0x20,0x63,0x64,0x5f,0x72,0x65,0x61,0x64,0x28,0x50,0x56,0x44,0x29,0x0a,0x00};
unsigned char g_MsgCdPathTableReadError[36] __attribute__((aligned(16))) = {0x43,0x44,0x5f,0x6e,0x65,0x77,0x6d,0x65,0x64,0x69,0x61,0x3a,0x20,0x52,0x65,0x61,0x64,0x20,0x65,0x72,0x72,0x6f,0x72,0x20,0x28,0x50,0x54,0x3a,0x25,0x30,0x38,0x78,0x29,0x0a,0x00,0x00};
unsigned char g_MsgCdSearchingDir[32] __attribute__((aligned(16))) = {0x43,0x44,0x5f,0x6e,0x65,0x77,0x6d,0x65,0x64,0x69,0x61,0x3a,0x20,0x73,0x61,0x72,0x63,0x68,0x69,0x6e,0x67,0x20,0x64,0x69,0x72,0x2e,0x2e,0x0a,0x00,0x00,0x00,0x00};
unsigned char g_FmtCdPathEntry[20] __attribute__((aligned(16))) = {0x09,0x25,0x30,0x38,0x78,0x2c,0x25,0x30,0x34,0x78,0x2c,0x25,0x30,0x34,0x78,0x2c,0x25,0x73,0x0a,0x00};
unsigned char g_MsgCdDirEntriesFound[36] __attribute__((aligned(16))) = {0x43,0x44,0x5f,0x6e,0x65,0x77,0x6d,0x65,0x64,0x69,0x61,0x3a,0x20,0x25,0x64,0x20,0x64,0x69,0x72,0x20,0x65,0x6e,0x74,0x72,0x69,0x65,0x73,0x20,0x66,0x6f,0x75,0x6e,0x64,0x0a,0x00,0x00};
unsigned char g_MsgCdDirNotFound[32] __attribute__((aligned(16))) = {0x43,0x44,0x5f,0x63,0x61,0x63,0x68,0x65,0x66,0x69,0x6c,0x65,0x3a,0x20,0x64,0x69,0x72,0x20,0x6e,0x6f,0x74,0x20,0x66,0x6f,0x75,0x6e,0x64,0x0a,0x00,0x00,0x00,0x00};
unsigned char g_MsgCdSearchingFiles[28] __attribute__((aligned(16))) = {0x43,0x44,0x5f,0x63,0x61,0x63,0x68,0x65,0x66,0x69,0x6c,0x65,0x3a,0x20,0x73,0x65,0x61,0x72,0x63,0x68,0x69,0x6e,0x67,0x2e,0x2e,0x2e,0x0a,0x00};
unsigned char g_CdDotName[8] __attribute__((aligned(16))) = ".";
short g_CdDotDotName = 11822;
unsigned char g_CdDotDotNameNul[8] __attribute__((aligned(16))) = {0x00,0x00,0};
unsigned char g_FmtCdFileEntry[28] __attribute__((aligned(16))) = {0x09,0x28,0x25,0x30,0x32,0x78,0x3a,0x25,0x30,0x32,0x78,0x3a,0x25,0x30,0x32,0x78,0x29,0x20,0x25,0x38,0x64,0x20,0x25,0x73,0x0a,0x00,0x00,0x00};
unsigned char g_MsgCdFilesFound[32] __attribute__((aligned(16))) = {0x43,0x44,0x5f,0x63,0x61,0x63,0x68,0x65,0x66,0x69,0x6c,0x65,0x3a,0x20,0x25,0x64,0x20,0x66,0x69,0x6c,0x65,0x73,0x20,0x66,0x6f,0x75,0x6e,0x64,0x0a,0x00,0x00,0x00};
unsigned char g_MsgDmaStatusError[24] __attribute__((aligned(16))) = {0x44,0x4d,0x41,0x20,0x53,0x54,0x41,0x54,0x55,0x53,0x20,0x45,0x52,0x52,0x4f,0x52,0x20,0x25,0x78,0x0a,0x00,0x00,0x00,0x00};
unsigned char g_MsgVSyncTimeout[68] __attribute__((aligned(16))) =
    "VSync: timeout\n\0"
    "$Id: intr.c,v 1.73 1995/11/10 05:29:40 suzu Exp $";
unsigned char g_MsgUnexpectedInterrupt[28] __attribute__((aligned(16))) = {0x75,0x6e,0x65,0x78,0x70,0x65,0x63,0x74,0x65,0x64,0x20,0x69,0x6e,0x74,0x65,0x72,0x72,0x75,0x70,0x74,0x28,0x25,0x30,0x34,0x78,0x29,0x0a,0x00};
unsigned char g_MsgIntrTimeout[28] __attribute__((aligned(16))) = {0x69,0x6e,0x74,0x72,0x20,0x74,0x69,0x6d,0x65,0x6f,0x75,0x74,0x28,0x25,0x30,0x34,0x78,0x3a,0x25,0x30,0x34,0x78,0x29,0x0a,0x00,0x00,0x00,0x00};
unsigned char g_MsgDmaBusError[28] __attribute__((aligned(16))) = {0x44,0x4d,0x41,0x20,0x62,0x75,0x73,0x20,0x65,0x72,0x72,0x6f,0x72,0x3a,0x20,0x63,0x6f,0x64,0x65,0x3d,0x25,0x30,0x38,0x78,0x0a,0x00,0x00,0x00};
unsigned char g_FmtDmaMadr[16] __attribute__((aligned(16))) = {0x4d,0x41,0x44,0x52,0x5b,0x25,0x64,0x5d,0x3d,0x25,0x30,0x38,0x78,0x0a,0x00,0x00};
unsigned char g_MsgSeqNotSeqData[24] __attribute__((aligned(16))) = {0x54,0x68,0x69,0x73,0x20,0x69,0x73,0x20,0x6e,0x6f,0x74,0x20,0x53,0x45,0x51,0x20,0x44,0x61,0x74,0x61,0x2e,0x0a,0x00,0x00};
unsigned char g_MsgSeqOldFormat[36] __attribute__((aligned(16))) = {0x54,0x68,0x69,0x73,0x20,0x69,0x73,0x20,0x61,0x6e,0x20,0x6f,0x6c,0x64,0x20,0x53,0x45,0x51,0x20,0x44,0x61,0x74,0x61,0x20,0x46,0x6f,0x72,0x6d,0x61,0x74,0x2e,0x0a,0x00,0x00,0x00,0x00};
unsigned char g_MsgSeqTableFull[688] __attribute__((aligned(16))) = {0x43,0x61,0x6e,0x27,0x74,0x20,0x4f,0x70,0x65,0x6e,0x20,0x53,0x65,0x71,0x75,0x65,0x6e,0x63,0x65,0x20,0x64,0x61,0x74,0x61,0x20,0x61,0x6e,0x79,0x20,0x6d,0x6f,0x72,0x65,0x0a,0x0a,0x00,0x98,0xf6,0x06,0x80,0xc4,0xf8,0x06,0x80,0xc4,0xf8,0x06,0x80,0xc4,0xf8,0x06,0x80,0xc4,0xf8,0x06,0x80,0xc4,0xf8,0x06,0x80,0xb0,0xf6,0x06,0x80,0xd0,0xf6,0x06,0x80,0xc4,0xf8,0x06,0x80,0xc4,0xf8,0x06,0x80,0x20,0xf7,0x06,0x80,0x6c,0xf7,0x06,0x80,0xc4,0xf8,0x06,0x80,0xc4,0xf8,0x06,0x80,0xc4,0xf8,0x06,0x80,0xc4,0xf8,0x06,0x80,0xc4,0xf8,0x06,0x80,0xc4,0xf8,0x06,0x80,0xc4,0xf8,0x06,0x80,0xc4,0xf8,0x06,0x80,0xc4,0xf8,0x06,0x80,0xc4,0xf8,0x06,0x80,0xc4,0xf8,0x06,0x80,0xc4,0xf8,0x06,0x80,0xc4,0xf8,0x06,0x80,0xc4,0xf8,0x06,0x80,0xc4,0xf8,0x06,0x80,0xc4,0xf8,0x06,0x80,0xc4,0xf8,0x06,0x80,0xc4,0xf8,0x06,0x80,0xc4,0xf8,0x06,0x80,0xc4,0xf8,0x06,0x80,0xc4,0xf8,0x06,0x80,0xc4,0xf8,0x06,0x80,0xc4,0xf8,0x06,0x80,0xc4,0xf8,0x06,0x80,0xc4,0xf8,0x06,0x80,0xc4,0xf8,0x06,0x80,0xc4,0xf8,0x06,0x80,0xc4,0xf8,0x06,0x80,0xc4,0xf8,0x06,0x80,0xc4,0xf8,0x06,0x80,0xc4,0xf8,0x06,0x80,0xc4,0xf8,0x06,0x80,0xc4,0xf8,0x06,0x80,0xc4,0xf8,0x06,0x80,0xc4,0xf8,0x06,0x80,0xc4,0xf8,0x06,0x80,0xc4,0xf8,0x06,0x80,0xc4,0xf8,0x06,0x80,0xc4,0xf8,0x06,0x80,0xc4,0xf8,0x06,0x80,0xc4,0xf8,0x06,0x80,0xc4,0xf8,0x06,0x80,0xc4,0xf8,0x06,0x80,0xc4,0xf8,0x06,0x80,0xc4,0xf8,0x06,0x80,0xc4,0xf8,0x06,0x80,0xc4,0xf8,0x06,0x80,0xc4,0xf8,0x06,0x80,0xc4,0xf8,0x06,0x80,0xc4,0xf8,0x06,0x80,0xc4,0xf8,0x06,0x80,0xc4,0xf8,0x06,0x80,0xc8,0xf7,0x06,0x80,0xf4,0xf7,0x06,0x80,0xc4,0xf8,0x06,0x80,0xc4,0xf8,0x06,0x80,0xc4,0xf8,0x06,0x80,0xc4,0xf8,0x06,0x80,0xc4,0xf8,0x06,0x80,0xc4,0xf8,0x06,0x80,0xc4,0xf8,0x06,0x80,0xc4,0xf8,0x06,0x80,0xc4,0xf8,0x06,0x80,0xc4,0xf8,0x06,0x80,0xc4,0xf8,0x06,0x80,0xc4,0xf8,0x06,0x80,0xc4,0xf8,0x06,0x80,0xc4,0xf8,0x06,0x80,0xc4,0xf8,0x06,0x80,0xc4,0xf8,0x06,0x80,0xc4,0xf8,0x06,0x80,0xc4,0xf8,0x06,0x80,0xc4,0xf8,0x06,0x80,0xc4,0xf8,0x06,0x80,0xc4,0xf8,0x06,0x80,0xc4,0xf8,0x06,0x80,0xc4,0xf8,0x06,0x80,0xc4,0xf8,0x06,0x80,0xc4,0xf8,0x06,0x80,0x14,0xf8,0x06,0x80,0xc4,0xf8,0x06,0x80,0xc4,0xf8,0x06,0x80,0xc4,0xf8,0x06,0x80,0xc4,0xf8,0x06,0x80,0xc4,0xf8,0x06,0x80,0xc4,0xf8,0x06,0x80,0x28,0xf8,0x06,0x80,0x48,0xf8,0x06,0x80,0x68,0xf8,0x06,0x80,0x88,0xf8,0x06,0x80,0xc4,0xf8,0x06,0x80,0xc4,0xf8,0x06,0x80,0xc4,0xf8,0x06,0x80,0xc4,0xf8,0x06,0x80,0xc4,0xf8,0x06,0x80,0xc4,0xf8,0x06,0x80,0xc4,0xf8,0x06,0x80,0xc4,0xf8,0x06,0x80,0xc4,0xf8,0x06,0x80,0xc4,0xf8,0x06,0x80,0xc4,0xf8,0x06,0x80,0xc4,0xf8,0x06,0x80,0xc4,0xf8,0x06,0x80,0xc4,0xf8,0x06,0x80,0xc4,0xf8,0x06,0x80,0xc4,0xf8,0x06,0x80,0xc4,0xf8,0x06,0x80,0xc4,0xf8,0x06,0x80,0xc4,0xf8,0x06,0x80,0xa8,0xf8,0x06,0x80,0x40,0x07,0x07,0x80,0x48,0x07,0x07,0x80,0xb8,0x07,0x07,0x80,0xc0,0x07,0x07,0x80,0xec,0x07,0x07,0x80,0xec,0x07,0x07,0x80,0xec,0x07,0x07,0x80,0xec,0x07,0x07,0x80,0xec,0x07,0x07,0x80,0xec,0x07,0x07,0x80,0xec,0x07,0x07,0x80,0xec,0x07,0x07,0x80,0xec,0x07,0x07,0x80,0xec,0x07,0x07,0x80,0xec,0x07,0x07,0x80,0x0c,0x09,0x07,0x80,0x1c,0x09,0x07,0x80,0x30,0x09,0x07,0x80,0x40,0x09,0x07,0x80,0x40,0x09,0x07,0x80,0x48,0x09,0x07,0x80,0x48,0x09,0x07,0x80,0x48,0x09,0x07,0x80,0x00,0x00,0x00,0x00,0x2c,0x08,0x07,0x80,0x38,0x08,0x07,0x80,0x48,0x08,0x07,0x80,0x50,0x08,0x07,0x80,0x58,0x08,0x07,0x80,0x64,0x08,0x07,0x80,0x74,0x08,0x07,0x80,0x80,0x08,0x07,0x80,0x90,0x08,0x07,0x80,0xc4,0x08,0x07,0x80,0xcc,0x08,0x07,0x80,0x0c,0x22,0x07,0x80,0xa4,0x21,0x07,0x80,0xe0,0x21,0x07,0x80,0xcc,0x21,0x07,0x80,0x7c,0x21,0x07,0x80,0xf4,0x21,0x07,0x80};
unsigned char g_SpuTimeoutFmt[16] __attribute__((aligned(16))) = {0x53,0x50,0x55,0x3a,0x54,0x2f,0x4f,0x20,0x5b,0x25,0x73,0x5d,0x0a,0x00,0x00,0x00};
unsigned char g_SpuTimeoutMsgReset[16] __attribute__((aligned(16))) = "wait (reset)";
unsigned char g_SpuTimeoutMsgWrdy[20] __attribute__((aligned(16))) = "wait (wrdy H -> L)";
unsigned char g_SpuTimeoutMsgDmaf[1828] __attribute__((aligned(16))) = {0x77,0x61,0x69,0x74,0x20,0x28,0x64,0x6d,0x61,0x66,0x20,0x63,0x6c,0x65,0x61,0x72,0x2f,0x57,0x29,0x00,0x64,0xb3,0x07,0x80,0x2c,0xb3,0x07,0x80,0x34,0xb3,0x07,0x80,0x3c,0xb3,0x07,0x80,0x44,0xb3,0x07,0x80,0x4c,0xb3,0x07,0x80,0x54,0xb3,0x07,0x80,0x5c,0xb3,0x07,0x80,0x2c,0xb4,0x07,0x80,0xf4,0xb3,0x07,0x80,0xfc,0xb3,0x07,0x80,0x04,0xb4,0x07,0x80,0x0c,0xb4,0x07,0x80,0x14,0xb4,0x07,0x80,0x1c,0xb4,0x07,0x80,0x24,0xb4,0x07,0x80,0xe8,0xff,0xbd,0x27,0x10,0x00,0xbf,0xaf,0x1e,0x80,0x04,0x3c,0x3c,0x40,0x84,0x24,0x28,0x00,0x05,0x34,0x28,0x00,0x86,0x24,0x7c,0x8c,0x01,0x0c,0x28,0x00,0x07,0x34,0x80,0x8c,0x01,0x0c,0x00,0x00,0x00,0x00,0x10,0x00,0xbf,0x8f,0x18,0x00,0xbd,0x27,0x08,0x00,0xe0,0x03,0x00,0x00,0x00,0x00,0x21,0x38,0x00,0x00,0x1e,0x80,0x03,0x3c,0x60,0x4b,0x63,0x24,0x10,0x00,0x66,0x24,0x08,0x80,0x02,0x3c,0xa8,0xc0,0x42,0x24,0x00,0x29,0x05,0x00,0x21,0x28,0xa2,0x00,0x08,0x80,0x02,0x3c,0x28,0xc0,0x42,0x24,0x00,0x21,0x04,0x00,0x21,0x20,0x82,0x00,0x00,0x00,0x82,0x94,0x02,0x00,0x84,0x24,0x01,0x00,0xe7,0x24,0x00,0x00,0x62,0xa4,0x00,0x00,0xa2,0x94,0x02,0x00,0xa5,0x24,0x02,0x00,0x63,0x24,0x00,0x00,0xc2,0xa4,0x08,0x00,0xe2,0x28,0xf6,0xff,0x40,0x14,0x02,0x00,0xc6,0x24,0x08,0x00,0xe0,0x03,0x00,0x00,0x00,0x00,0x1a,0x80,0x04,0x3c,0x08,0xce,0x84,0x84,0x1a,0x80,0x05,0x3c,0x08,0xcb,0xa5,0x84,0xe8,0xff,0xbd,0x27,0x10,0x00,0xbf,0xaf,0xe0,0x4f,0x00,0x0c,0x00,0x00,0x00,0x00,0x10,0x00,0xbf,0x8f,0x18,0x00,0xbd,0x27,0x08,0x00,0xe0,0x03,0x00,0x00,0x00,0x00,0x1e,0x80,0x07,0x3c,0x3c,0x40,0xe7,0x24,0x00,0x00,0xe2,0x90,0x1e,0x80,0x03,0x3c,0x3d,0x40,0x63,0x90,0x00,0x00,0xe4,0x90,0x1e,0x80,0x06,0x3c,0x68,0x43,0xc6,0x24,0x00,0x00,0xc2,0xa0,0x1e,0x80,0x01,0x3c,0x69,0x43,0x23,0xa0,0x03,0x00,0x80,0x10,0xf0,0xff,0xbd,0x27,0x30,0x50,0x00,0x08,0x01,0x00,0x02,0x34,0x1e,0x80,0x02,0x3c,0x14,0x4d,0x42,0x8c,0x00,0x00,0x00,0x00,0x22,0x00,0x40,0x10,0xff,0xff,0x42,0x24,0x1e,0x80,0x03,0x3c,0x3d,0x40,0x63,0x90,0x1e,0x80,0x01,0x3c,0x14,0x4d,0x22,0xac,0x23,0x00,0x02,0x34,0x1b,0x00,0x62,0x14,0x00,0x00,0x00,0x00,0x1e,0x80,0x02,0x3c,0x3e,0x40,0x42,0x90,0x1e,0x80,0x03,0x3c,0x3f,0x40,0x63,0x90,0x00,0x12,0x02,0x00,0x27,0x20,0x43,0x00,0x00,0x50,0x83,0x30,0x00,0x50,0x02,0x34,0x06,0x00,0x62,0x10,0x00,0xa0,0x83,0x30,0x00,0xa0,0x02,0x34,0x03,0x00,0x62,0x10,0xc4,0x01,0x82,0x30,0x0c,0x00,0x40,0x10,0x00,0x00,0x00,0x00,0x02,0x00,0x02,0x34,0x1e,0x80,0x01,0x3c,0xc8,0x79,0x22,0xac,0x1a,0x80,0x02,0x3c,0x10,0xcb,0x42,0x8c,0x22,0x00,0x03,0x34,0x1e,0x80,0x01,0x3c,0x14,0x4d,0x23,0xac,0x10,0x00,0x42,0x34,0x1a,0x80,0x01,0x3c,0x10,0xcb,0x22,0xac,0x1a,0x80,0x02,0x3c,0x10,0xcb,0x42,0x8c,0x00,0x00,0x00,0x00,0x43,0x10,0x02,0x00,0x1a,0x80,0x01,0x3c,0x10,0xcb,0x22,0xac,0x04,0x00,0x40,0x10,0x00,0x00,0x00,0x00,0x01,0x00,0xe0,0xa0,0x47,0x50,0x00,0x08,0x01,0x00,0xc0,0xa0,0x1e,0x80,0x01,0x3c,0xc8,0x79,0x20,0xac,0x01,0x00,0xe3,0x90,0x41,0x00,0x02,0x34,0x33,0x00,0x62,0x14,0x23,0x00,0x02,0x34,0x02,0x00,0xe2,0x90,0x02,0x00,0xc3,0x94,0x00,0x12,0x02,0x00,0x04,0x00,0xc3,0xa4,0x03,0x00,0xe3,0x90,0x04,0x00,0xc4,0x94,0x27,0x10,0x43,0x00,0x27,0x20,0x04,0x00,0x02,0x00,0xc2,0xa4,0x02,0x00,0xc3,0x94,0x24,0x10,0x44,0x00,0x06,0x00,0xc2,0xa4,0x1e,0x80,0x02,0x3c,0x8c,0x41,0x42,0x84,0x42,0x1b,0x03,0x00,0x01,0x00,0x65,0x30,0x40,0x10,0x02,0x00,0x02,0x00,0xc3,0x94,0x08,0x80,0x01,0x3c,0x21,0x08,0x22,0x00,0x20,0xc0,0x24,0x84,0x00,0x80,0x63,0x30,0x04,0x00,0x60,0x10,0x21,0x38,0xa0,0x00,0xff,0xff,0xa2,0x24,0x67,0x50,0x00,0x08,0x18,0x00,0x44,0x00,0x18,0x00,0xe4,0x00,0x12,0x10,0x00,0x00,0x80,0x00,0x42,0x24,0x02,0x00,0xc4,0x94,0x02,0x00,0xc3,0x94,0x0a,0x00,0xc2,0xa4,0x02,0x00,0xc2,0x94,0x40,0x00,0x84,0x30,0x2b,0x20,0x04,0x00,0x23,0x20,0x04,0x00,0x6a,0x00,0x84,0x30,0x80,0x00,0x63,0x30,0x2b,0x18,0x03,0x00,0x23,0x18,0x03,0x00,0x6a,0x00,0x63,0x30,0x04,0x00,0x42,0x30,0x2b,0x10,0x02,0x00,0x23,0x10,0x02,0x00,0x6a,0x00,0x42,0x30,0x0c,0x00,0xc4,0xa4,0x0e,0x00,0xc3,0xa4,0xe9,0x50,0x00,0x08,0x10,0x00,0xc2,0xa4,0x59,0x00,0x62,0x14,0x00,0x00,0x00,0x00,0x02,0x00,0xe2,0x90,0x02,0x00,0xc3,0x94,0x00,0x12,0x02,0x00,0x04,0x00,0xc3,0xa4,0x03,0x00,0xe3,0x90,0x04,0x00,0xe4,0x90,0x27,0x10,0x43,0x00,0x02,0x00,0xc2,0xa4,0x0a,0x00,0xc4,0xa4,0x05,0x00,0xe2,0x90,0x1a,0x80,0x04,0x3c,0x08,0xca,0x84,0x94,0x06,0x00,0xe3,0x90,0x1a,0x80,0x05,0x3c,0x0a,0xca,0xa5,0x94,0x23,0x10,0x44,0x00,0x23,0x18,0x65,0x00,0x0c,0x00,0xc2,0xa4,0x0e,0x00,0xc3,0xa4,0x07,0x00,0xe2,0x90,0x1a,0x80,0x03,0x3c,0x0c,0xca,0x63,0x94,0x0c,0x00,0xc4,0x84,0x23,0x10,0x43,0x00,0x02,0x00,0x81,0x04,0x10,0x00,0xc2,0xa4,0x0c,0x00,0xc0,0xa4,0x0e,0x00,0xc2,0x84,0x00,0x00,0x00,0x00,0x02,0x00,0x41,0x04,0x00,0x00,0x00,0x00,0x0e,0x00,0xc0,0xa4,0x10,0x00,0xc2,0x84,0x00,0x00,0x00,0x00,0x02,0x00,0x41,0x04,0x00,0x00,0x00,0x00,0x10,0x00,0xc0,0xa4,0x0a,0x00,0xc2,0x84,0x00,0x00,0x00,0x00,0xa3,0x00,0x42,0x28,0x05,0x00,0x40,0x14,0x00,0x00,0x00,0x00,0x02,0x00,0xc2,0x94,0x00,0x00,0x00,0x00,0x00,0x20,0x42,0x34,0x02,0x00,0xc2,0xa4,0x0a,0x00,0xc2,0x84,0x00,0x00,0x00,0x00,0x5e,0x00,0x42,0x28,0x05,0x00,0x40,0x10,0x00,0x00,0x00,0x00,0x02,0x00,0xc2,0x94,0x00,0x00,0x00,0x00,0x00,0x80,0x42,0x34,0x02,0x00,0xc2,0xa4,0x0c,0x00,0xc2,0x84,0x00,0x00,0x00,0x00,0x36,0x00,0x42,0x28,0x05,0x00,0x40,0x14,0x00,0x00,0x00,0x00,0x02,0x00,0xc2,0x94,0x00,0x00,0x00,0x00,0x40,0x00,0x42,0x34,0x02,0x00,0xc2,0xa4,0x0e,0x00,0xc2,0x84,0x00,0x00,0x00,0x00,0x36,0x00,0x42,0x28,0x05,0x00,0x40,0x14,0x00,0x00,0x00,0x00,0x02,0x00,0xc2,0x94,0x00,0x00,0x00,0x00,0x80,0x00,0x42,0x34,0x02,0x00,0xc2,0xa4,0x10,0x00,0xc2,0x84,0x00,0x00,0x00,0x00,0x36,0x00,0x42,0x28,0x05,0x00,0x40,0x14,0x00,0x00,0x00,0x00,0x02,0x00,0xc2,0x94,0x00,0x00,0x00,0x00,0x04,0x00,0x42,0x34,0x02,0x00,0xc2,0xa4,0x04,0x00,0xc2,0x94,0x02,0x00,0xc3,0x94,0x27,0x10,0x02,0x00,0x24,0x18,0x62,0x00,0xe9,0x50,0x00,0x08,0x06,0x00,0xc3,0xa4,0x1e,0x80,0x02,0x3c,0xc8,0x79,0x42,0x8c,0x00,0x00,0x00,0x00,0x05,0x00,0x40,0x14,0x01,0x00,0x02,0x34,0x02,0x00,0x02,0x34,0x1e,0x80,0x01,0x3c,0xc8,0x79,0x22,0xac,0x01,0x00,0x02,0x34,0x00,0x00,0xc2,0xa0,0x80,0x00,0x02,0x34,0x02,0x00,0xc0,0xa4,0x06,0x00,0xc0,0xa4,0x08,0x00,0xc0,0xa4,0x0a,0x00,0xc2,0xa4,0x0c,0x00,0xc0,0xa4,0x0e,0x00,0xc0,0xa4,0x10,0x00,0xc0,0xa4,0x08,0x80,0x02,0x3c,0x38,0xc1,0x42,0x94,0x02,0x00,0xc3,0x94,0x02,0x00,0xc4,0x94,0x08,0x00,0xc0,0xa4,0x27,0x10,0x02,0x00,0x24,0x28,0x62,0x00,0x1b,0x00,0x80,0x10,0x08,0x00,0xc5,0xa4,0x08,0x80,0x02,0x3c,0x38,0xc1,0x42,0x94,0x00,0x00,0x00,0x00,0x16,0x00,0x82,0x14,0x1e,0x00,0x02,0x34,0x0a,0x80,0x04,0x3c,0xec,0xae,0x84,0x24,0x00,0x00,0x83,0x90,0x00,0x00,0x00,0x00,0x05,0x00,0x62,0x14,0x21,0x18,0x80,0x00,0x02,0x00,0xc2,0x94,0x00,0x00,0x00,0x00,0x25,0x10,0xa2,0x00,0x08,0x00,0xc2,0xa4,0x00,0x00,0x62,0x90,0x00,0x00,0x00,0x00,0x24,0x00,0x42,0x2c,0x04,0x00,0x40,0x10,0x00,0x00,0x00,0x00,0x00,0x00,0x62,0x90,0x0a,0x51,0x00,0x08,0x01,0x00,0x42,0x24,0x1e,0x00,0x02,0x34,0x0e,0x51,0x00,0x08,0x00,0x00,0x62,0xa0,0x0a,0x80,0x01,0x3c,0xec,0xae,0x20,0xa0,0x02,0x00,0xc2,0x94,0x08,0x80,0x01,0x3c,0x38,0xc1,0x22,0xa4,0x1e,0x80,0x02,0x3c,0xf0,0x4b,0x42,0x94,0x0a,0x00,0xc3,0x94,0x80,0x00,0x42,0x24,0x23,0x18,0x62,0x00,0x00,0x14,0x03,0x00,0x1d,0x00,0x40,0x18,0x00,0x00,0x00,0x00,0x1a,0x80,0x02,0x3c,0xd0,0xca,0x42,0x84,0x00,0x00,0x00,0x00,0x80,0x10,0x02,0x00,0x08,0x80,0x01,0x3c,0x21,0x08,0x22,0x00,0x28,0xc1,0x22,0x94,0x00,0x00,0x00,0x00,0x23,0x10,0x62,0x00,0x21,0x20,0x40,0x00,0x00,0x14,0x02,0x00,0x02,0x00,0x41,0x04,0x00,0x00,0x00,0x00,0x21,0x20,0x00,0x00,0x1e,0x80,0x02,0x3c,0x8c,0x41,0x42,0x84,0x00,0x1c,0x04,0x00,0x40,0x10,0x02,0x00,0x08,0x80,0x01,0x3c,0x21,0x08,0x22,0x00,0x20,0xc0,0x22,0x84,0x03,0x1c,0x03,0x00,0x21,0x28,0x40,0x00,0x2a,0x10,0x43,0x00,0x1f,0x00,0x40,0x10,0x00,0x00,0x00,0x00,0x51,0x51,0x00,0x08,0x21,0x20,0xa0,0x00,0x1a,0x80,0x02,0x3c,0xd0,0xca,0x42,0x84,0x00,0x00,0x00,0x00,0x80,0x10,0x02,0x00,0x08,0x80,0x01,0x3c,0x21,0x08,0x22,0x00,0x28,0xc1,0x22,0x94,0x00,0x00,0x00,0x00,0x21,0x10,0x62,0x00,0x21,0x20,0x40,0x00,0x00,0x14,0x02,0x00,0x02,0x00,0x40,0x18,0x00,0x00,0x00,0x00,0x21,0x20,0x00,0x00,0x1e,0x80,0x02,0x3c,0x8c,0x41,0x42,0x84,0x00,0x1c,0x04,0x00,0x40,0x10,0x02,0x00,0x08,0x80,0x01,0x3c,0x21,0x08,0x22,0x00,0x20,0xc0,0x22,0x84,0x03,0x1c,0x03,0x00,0x21,0x28,0x40,0x00,0x23,0x10,0x02,0x00,0x2a,0x18,0x62,0x00,0x02,0x00,0x60,0x10,0x00,0x00,0x00,0x00,0x23,0x20,0x05,0x00,0x0c,0x00,0xc2,0x84,0x00,0x00,0x00,0x00,0x6b,0x00,0x42,0x28,0x03,0x00,0x40,0x14,0x16,0x00,0xc4,0xa4,0x6a,0x00,0x02,0x34,0x0c,0x00,0xc2,0xa4,0x0e,0x00,0xc2,0x84,0x00,0x00,0x00,0x00,0x6b,0x00,0x42,0x28,0x02,0x00,0x40,0x14,0x6a,0x00,0x02,0x34,0x0e,0x00,0xc2,0xa4,0x10,0x00,0xc2,0x84,0x00,0x00,0x00,0x00,0x6b,0x00,0x42,0x28,0x02,0x00,0x40,0x14,0x6a,0x00,0x02,0x34,0x10,0x00,0xc2,0xa4,0x10,0x00,0xbd,0x27,0x08,0x00,0xe0,0x03,0x00,0x00,0x00,0x00,0xc8,0xff,0xbd,0x27,0x34,0x00,0xbf,0xaf,0x30,0x00,0xb0,0xaf,0x00,0x00,0x82,0x8c,0x04,0x00,0x83,0x8c,0x08,0x00,0x85,0x8c,0x0c,0x00,0x86,0x8c,0x10,0x00,0xa2,0xaf,0x14,0x00,0xa3,0xaf,0x18,0x00,0xa5,0xaf,0x1c,0x00,0xa6,0xaf,0x10,0x00,0x82,0x8c,0x14,0x00,0x83,0x8c,0x18,0x00,0x85,0x8c,0x1c,0x00,0x86,0x8c,0x20,0x00,0xa2,0xaf,0x24,0x00,0xa3,0xaf,0x28,0x00,0xa5,0xaf,0x2c,0x00,0xa6,0xaf,0x0a,0x80,0x04,0x3c,0xac,0xe6,0x84,0x24,0x10,0x00,0xb0,0x27,0x5a,0xa5,0x01,0x0c,0x21,0x28,0x00,0x02,0x22,0xa6,0x01,0x0c,0x21,0x20,0x00,0x02,0x34,0x00,0xbf,0x8f,0x30,0x00,0xb0,0x8f,0x38,0x00,0xbd,0x27,0x08,0x00,0xe0,0x03,0x00,0x00,0x00,0x00};
unsigned char ChangeClearRCntStub[16] __attribute__((aligned(16))) = {0xb0,0x00,0x0a,0x24,0x08,0x00,0x40,0x01,0x5b,0x00,0x09,0x24,0x00,0x00,0x00,0x00};
unsigned char ChangeClearInterruptMaskStub[16] __attribute__((aligned(16))) = {0xc0,0x00,0x0a,0x24,0x08,0x00,0x40,0x01,0x0a,0x00,0x09,0x24,0x00,0x00,0x00,0x00};
unsigned char SysEnqIntRPStub[16] __attribute__((aligned(16))) = {0xa0,0x00,0x0a,0x24,0x08,0x00,0x40,0x01,0x72,0x00,0x09,0x24,0x00,0x00,0x00,0x00};
RagePrizeMoneyStorage g_PrizeMoneyState __attribute__((aligned(16))) = {.raw = {{0x90,0x01,0x00,0x00,0xa0,0x00,0x00,0x00},{0x50,0x00,0x00,0x00,0x60,0x09,0x00,0x00,0xe8,0x03,0x00,0x00,0xf4,0x01,0x00,0x00,0xe0,0x2e,0x00,0x00,0x88,0x13,0x00,0x00,0xc4,0x09,0x00,0x00,0x60,0xea,0x00,0x00,0xa8,0x61,0x00,0x00,0xd4,0x30,0x00,0x00,0xd8,0xb8,0x05,0x00,0x48,0xe8,0x01,0x00,0x24,0xf4,0x00,0x00,0xd0,0x12,0x13,0x00,0x68,0x89,0x09,0x00,0xb4,0xc4,0x04,0x00,0x26,0x02,0x00,0x00,0xf0,0x00,0x00,0x00,0x78,0x00,0x00,0x00,0x48,0x0d,0x00,0x00,0xdc,0x05,0x00,0x00,0xee,0x02,0x00,0x00,0x50,0x46,0x00,0x00,0x4c,0x1d,0x00,0x00,0xa6,0x0e,0x00,0x00,0x08,0x4c,0x01,0x00,0x7c,0x92,0x00,0x00,0x3e,0x49,0x00,0x00,0xa0,0x68,0x06,0x00,0x6c,0xdc,0x02,0x00,0x36,0x6e,0x01,0x00,0x38,0x9c,0x1c,0x00,0x1c,0x4e,0x0e,0x00,0x0e,0x27,0x07,0x00,0xf4,0x01,0x00,0x00,0xdc,0x00,0x00,0x00,0x6e,0x00,0x00,0x00,0x80,0x0c,0x00,0x00,0x78,0x05,0x00,0x00,0xbc,0x02,0x00,0x00,0x80,0x3e,0x00,0x00,0x58,0x1b,0x00,0x00,0xac,0x0d,0x00,0x00,0x80,0x38,0x01,0x00,0xb8,0x88,0x00,0x00,0x5c,0x44,0x00,0x00,0x80,0x1a,0x06,0x00,0x98,0xab,0x02,0x00,0xcc,0x55,0x01,0x00,0xf0,0xb3,0x1a,0x00,0xf8,0x59,0x0d,0x00,0xfc,0xac,0x06,0x00,0x00,0x00,0x00,0x00,0x00,0x00,0x00,0x00,0x00,0x00,0x00,0x00,0x00,0x00,0x00,0x00,0x00,0x00,0x00,0x00,0x00,0x00,0x00,0x00,0xf0,0x55,0x00,0x00,0x70,0x17,0x00,0x00,0xb8,0x0b,0x00,0x00,0x90,0x5f,0x01,0x00,0x30,0x75,0x00,0x00,0x98,0x3a,0x00,0x00,0xe0,0x93,0x04,0x00,0xf0,0x49,0x02,0x00,0xf8,0x24,0x01,0x00,0x60,0xe3,0x16,0x00,0xb0,0x71,0x0b,0x00,0xd8,0xb8,0x05,0x00}}};
unsigned char g_WordFontCells[40] __attribute__((aligned(16))) = {0x40,0x90,0x3c,0x40,0x7c,0x90,0x2c,0x30,0xa8,0x90,0x24,0x28,0xcc,0x90,0x34,0x37,0x84,0x9c,0x28,0x2b,0xac,0x9c,0x18,0x1c,0xc4,0x9c,0x20,0x24,0xe4,0x9c,0x08,0x0d,0xec,0x9c,0x08,0x0c,0x48,0x6c,0x70,0x6f};
unsigned char g_HighFontCell[4] __attribute__((aligned(16))) = {0x24,0x90,0x10,0x04};
unsigned char g_AssetPaths[540] __attribute__((aligned(16))) = {0xcc,0x0a,0x01,0x80,0xbc,0x0a,0x01,0x80,0xac,0x0a,0x01,0x80,0x9c,0x0a,0x01,0x80,0x8c,0x0a,0x01,0x80,0x7c,0x0a,0x01,0x80,0x6c,0x0a,0x01,0x80,0x58,0x0a,0x01,0x80,0x44,0x0a,0x01,0x80,0x30,0x0a,0x01,0x80,0x1c,0x0a,0x01,0x80,0x08,0x0a,0x01,0x80,0xf4,0x09,0x01,0x80,0xe0,0x09,0x01,0x80,0xcc,0x09,0x01,0x80,0xb8,0x09,0x01,0x80,0xa4,0x09,0x01,0x80,0x90,0x09,0x01,0x80,0x7c,0x09,0x01,0x80,0x68,0x09,0x01,0x80,0x54,0x09,0x01,0x80,0x40,0x09,0x01,0x80,0x2c,0x09,0x01,0x80,0x18,0x09,0x01,0x80,0x04,0x09,0x01,0x80,0xf0,0x08,0x01,0x80,0xdc,0x08,0x01,0x80,0xc8,0x08,0x01,0x80,0xb4,0x08,0x01,0x80,0xa0,0x08,0x01,0x80,0x8c,0x08,0x01,0x80,0x78,0x08,0x01,0x80,0x64,0x08,0x01,0x80,0x50,0x08,0x01,0x80,0x3c,0x08,0x01,0x80,0x28,0x08,0x01,0x80,0x14,0x08,0x01,0x80,0x00,0x08,0x01,0x80,0xec,0x07,0x01,0x80,0xd8,0x07,0x01,0x80,0xc4,0x07,0x01,0x80,0xb0,0x07,0x01,0x80,0x9c,0x07,0x01,0x80,0x88,0x07,0x01,0x80,0x74,0x07,0x01,0x80,0x60,0x07,0x01,0x80,0x4c,0x07,0x01,0x80,0x38,0x07,0x01,0x80,0x24,0x07,0x01,0x80,0x10,0x07,0x01,0x80,0xfc,0x06,0x01,0x80,0xe8,0x06,0x01,0x80,0xd4,0x06,0x01,0x80,0xc0,0x06,0x01,0x80,0xac,0x06,0x01,0x80,0x98,0x06,0x01,0x80,0x84,0x06,0x01,0x80,0x70,0x06,0x01,0x80,0x5c,0x06,0x01,0x80,0x48,0x06,0x01,0x80,0x34,0x06,0x01,0x80,0x20,0x06,0x01,0x80,0x0c,0x06,0x01,0x80,0xf8,0x05,0x01,0x80,0xe4,0x05,0x01,0x80,0xd0,0x05,0x01,0x80,0xbc,0x05,0x01,0x80,0xa8,0x05,0x01,0x80,0x94,0x05,0x01,0x80,0x80,0x05,0x01,0x80,0x6c,0x05,0x01,0x80,0x58,0x05,0x01,0x80,0x44,0x05,0x01,0x80,0x30,0x05,0x01,0x80,0x20,0x05,0x01,0x80,0x10,0x05,0x01,0x80,0x00,0x05,0x01,0x80,0xf0,0x04,0x01,0x80,0xe0,0x04,0x01,0x80,0xd0,0x04,0x01,0x80,0xc0,0x04,0x01,0x80,0xb0,0x04,0x01,0x80,0xa0,0x04,0x01,0x80,0x90,0x04,0x01,0x80,0x80,0x04,0x01,0x80,0x70,0x04,0x01,0x80,0x5c,0x04,0x01,0x80,0x48,0x04,0x01,0x80,0x34,0x04,0x01,0x80,0x20,0x04,0x01,0x80,0x0c,0x04,0x01,0x80,0xf8,0x03,0x01,0x80,0xe4,0x03,0x01,0x80,0xd0,0x03,0x01,0x80,0xbc,0x03,0x01,0x80,0xa8,0x03,0x01,0x80,0x94,0x03,0x01,0x80,0x80,0x03,0x01,0x80,0x6c,0x03,0x01,0x80,0x58,0x03,0x01,0x80,0x44,0x03,0x01,0x80,0x30,0x03,0x01,0x80,0x1c,0x03,0x01,0x80,0x08,0x03,0x01,0x80,0xf4,0x02,0x01,0x80,0xe0,0x02,0x01,0x80,0xcc,0x02,0x01,0x80,0xb8,0x02,0x01,0x80,0xa4,0x02,0x01,0x80,0x90,0x02,0x01,0x80,0x7c,0x02,0x01,0x80,0x68,0x02,0x01,0x80,0x54,0x02,0x01,0x80,0x40,0x02,0x01,0x80,0x2c,0x02,0x01,0x80,0x18,0x02,0x01,0x80,0x04,0x02,0x01,0x80,0xf0,0x01,0x01,0x80,0xdc,0x01,0x01,0x80,0xc8,0x01,0x01,0x80,0xb4,0x01,0x01,0x80,0xa0,0x01,0x01,0x80,0x8c,0x01,0x01,0x80,0x78,0x01,0x01,0x80,0x64,0x01,0x01,0x80,0x50,0x01,0x01,0x80,0x3c,0x01,0x01,0x80,0x28,0x01,0x01,0x80,0x14,0x01,0x01,0x80,0x00,0x01,0x01,0x80,0xec,0x00,0x01,0x80,0xd8,0x00,0x01,0x80,0xc4,0x00,0x01,0x80,0xb0,0x00,0x01,0x80,0x9c,0x00,0x01,0x80};
unsigned char g_CdReadCallback[8] __attribute__((aligned(16))) = {0x00,0x00,0x00,0x00,0};
unsigned char g_CdReadSectorCount[8] __attribute__((aligned(16))) = {0x00,0x00,0x00,0x00,0};
unsigned char g_CdReadBuffer[8] __attribute__((aligned(16))) = {0x00,0x00,0x00,0x00,0};
unsigned char g_CdReadPtr[8] __attribute__((aligned(16))) = {0x00,0x00,0x00,0x00,0};
unsigned char g_CdReadMode[8] __attribute__((aligned(16))) = {0x00,0x00,0x00,0x00,0};
unsigned char g_CdReadSectorWords[8] __attribute__((aligned(16))) = {0x00,0x00,0x00,0x00,0};
unsigned char g_CdReadRemaining[8] __attribute__((aligned(16))) = {0x00,0x00,0x00,0x00,0};
unsigned char g_CdReadLastVSync[8] __attribute__((aligned(16))) = {0x00,0x00,0x00,0x00,0};
unsigned char g_CdReadStartVSync[8] __attribute__((aligned(16))) = {0x00,0x00,0x00,0x00,0};
unsigned char g_CdReadExpectedSector[8] __attribute__((aligned(16))) = {0x00,0x00,0x00,0x00,0};
unsigned char g_CdReadSavedSyncCallback[8] __attribute__((aligned(16))) = {0x00,0x00,0x00,0x00,0};
unsigned char g_CdReadSavedReadyCallback[8] __attribute__((aligned(16))) = {0x00,0x00,0x00,0x00,0};
unsigned char g_SpriteFontCells[192] __attribute__((aligned(16))) = {0x00,0x00,0x24,0x48,0x54,0x48,0x18,0x48,0x18,0x48,0x18,0x48,0x18,0x48,0x18,0x48,0x30,0x48,0x3c,0x48,0x18,0x48,0x18,0x48,0x00,0x48,0x18,0x48,0x0c,0x48,0x18,0x48,0x78,0x30,0x84,0x30,0x90,0x30,0x9c,0x30,0xa8,0x30,0xb4,0x30,0xc0,0x30,0xcc,0x30,0xd8,0x30,0xe4,0x30,0x18,0x48,0x18,0x48,0x18,0x48,0x18,0x48,0x18,0x48,0x18,0x48,0x18,0x48,0x00,0x00,0x0c,0x00,0x18,0x00,0x24,0x00,0x30,0x00,0x3c,0x00,0x48,0x00,0x54,0x00,0x60,0x00,0x6c,0x00,0x78,0x00,0x84,0x00,0x90,0x00,0x9c,0x00,0xa8,0x00,0xb4,0x00,0xc0,0x00,0xcc,0x00,0xd8,0x00,0xe4,0x00,0xf0,0x00,0x00,0x18,0x0c,0x18,0x18,0x18,0x24,0x18,0x30,0x18,0x30,0x48,0x18,0x48,0x3c,0x48,0x18,0x48,0x18,0x48,0x18,0x48,0x3c,0x18,0x48,0x18,0x54,0x18,0x60,0x18,0x6c,0x18,0x78,0x18,0x84,0x18,0x90,0x18,0x9c,0x18,0xa8,0x18,0xb4,0x18,0xc0,0x18,0xcc,0x18,0xd8,0x18,0xe4,0x18,0xf0,0x18,0x00,0x30,0x0c,0x30,0x18,0x30,0x24,0x30,0x30,0x30,0x3c,0x30,0x48,0x30,0x54,0x30,0x60,0x30,0x6c,0x30,0x30,0x48,0x18,0x48,0x3c,0x48,0x18,0x48,0x18,0x48};
unsigned char g_ClockTextCells[8] __attribute__((aligned(16))) = "00'00\"";
unsigned char g_ReverbZones[32] __attribute__((aligned(16))) = {0xd7,0xbf,0x00,0x00,0x61,0xdc,0x00,0x00,0x2b,0xc4,0x01,0x00,0x3c,0xe3,0x01,0x00,0xdc,0x98,0x00,0x00,0x30,0xb4,0x00,0x00,0xa0,0x9c,0x01,0x00,0x50,0xbb,0x01,0x00};
s16 g_FreeCameraAngleOffset[4] __attribute__((aligned(16))) = {
    0, 0, 0, 0
};
unsigned char g_CellScanOffsets[4096] __attribute__((aligned(16))) = {0x00,0x00,0x00,0x01,0x00,0xff,0x00,0x02,0x00,0x03,0x00,0x04,0x00,0x05,0x00,0x06,0x00,0x07,0x01,0x00,0xff,0x00,0x01,0x01,0xff,0x01,0x01,0x02,0xff,0x02,0x01,0x03,0xff,0x03,0x01,0x04,0xff,0x04,0x01,0x05,0xff,0x05,0x01,0x06,0xff,0x06,0x01,0x07,0xff,0x07,0x01,0xff,0xff,0xff,0x02,0x00,0xfe,0x00,0x02,0x01,0xfe,0x01,0x02,0x02,0xfe,0x02,0x02,0x03,0xfe,0x03,0x02,0x04,0xfe,0x04,0x02,0x05,0xfe,0x05,0x02,0x06,0xfe,0x06,0x02,0x07,0xfe,0x07,0x02,0xff,0xfe,0xff,0x03,0x00,0xfd,0x00,0x03,0x01,0xfd,0x01,0x03,0x02,0xfd,0x02,0x03,0x03,0xfd,0x03,0x03,0x04,0xfd,0x04,0x03,0x05,0xfd,0x05,0x03,0x06,0xfd,0x06,0x03,0x07,0xfd,0x07,0x00,0xfe,0x01,0xfe,0xff,0xfe,0x00,0x00,0x00,0x01,0x00,0xff,0x00,0x02,0x00,0x03,0x00,0x04,0x00,0x05,0x00,0x06,0x00,0x07,0x01,0x00,0xff,0x00,0x01,0x01,0xff,0x01,0x01,0x02,0xff,0x02,0x01,0x03,0xff,0x03,0x01,0x04,0x01,0x05,0x01,0x06,0x01,0x07,0x01,0xff,0xff,0xff,0x02,0x00,0x02,0x01,0xfe,0x01,0x02,0x02,0xfe,0x02,0x02,0x03,0xfe,0x03,0x02,0x04,0xff,0x04,0x02,0x05,0xff,0x05,0x02,0x06,0xff,0x06,0x02,0x07,0xff,0x07,0x02,0xff,0x03,0xff,0xfe,0xff,0x03,0x00,0xfe,0x00,0x03,0x01,0xfd,0x01,0x03,0x02,0xfd,0x02,0x03,0x03,0xfd,0x03,0x03,0x04,0xfe,0x04,0x03,0x05,0xfe,0x05,0x03,0x06,0xfe,0x06,0x03,0x07,0xfe,0x07,0x04,0x03,0x04,0x04,0x04,0x05,0x04,0x06,0x00,0xfe,0x01,0xfe,0xff,0xfe,0x00,0x00,0x00,0x01,0x00,0xff,0x00,0x02,0x00,0x03,0x01,0x04,0x01,0x05,0x01,0x06,0x01,0x07,0x01,0x00,0xff,0x00,0x01,0x01,0xff,0x01,0x01,0x02,0xff,0x02,0x01,0x03,0xff,0x03,0x02,0x04,0x00,0x04,0x02,0x05,0x00,0x05,0x02,0x06,0x00,0x06,0x02,0x07,0x00,0x07,0x01,0xff,0xff,0xff,0x02,0x00,0x02,0x01,0x02,0x02,0x02,0x03,0x02,0xff,0x03,0x01,0x03,0x02,0x03,0x03,0x03,0x04,0x03,0x05,0x03,0x06,0x03,0x07,0x03,0xff,0xfe,0xff,0x03,0x00,0xfe,0x00,0x04,0x01,0xfe,0x01,0x04,0x02,0xfe,0x02,0x04,0x03,0xfe,0x03,0x04,0x04,0xff,0x04,0x04,0x05,0xff,0x05,0x04,0x06,0xff,0x06,0x05,0x03,0x05,0x04,0x05,0x05,0x05,0x02,0xff,0x07,0xfe,0x04,0x00,0xfe,0x01,0xfe,0xff,0xfe,0x00,0x00,0x00,0x01,0x00,0xff,0x00,0x02,0x01,0x02,0x01,0x03,0x02,0x03,0x01,0x04,0x02,0x04,0x01,0x05,0x02,0x05,0x02,0x06,0x02,0x07,0x01,0x00,0xff,0x00,0x01,0x01,0xff,0x01,0x02,0x02,0xff,0x02,0x03,0x03,0x00,0x03,0x03,0x04,0x00,0x04,0x03,0x05,0x00,0x05,0x03,0x06,0x01,0x06,0x03,0x07,0x01,0x07,0x01,0xff,0xff,0xff,0x02,0x00,0x02,0x01,0x03,0x02,0x04,0x03,0x04,0x04,0x04,0x05,0x04,0x06,0x02,0xff,0x03,0x00,0x03,0x01,0x04,0x02,0x05,0x03,0x05,0x04,0x05,0x05,0x03,0xff,0xfe,0xff,0x04,0x00,0xfe,0x00,0x04,0x01,0xfe,0x01,0x05,0x02,0xfe,0x02,0x06,0x03,0xff,0x03,0xfe,0x03,0x06,0x04,0xff,0x04,0x06,0x05,0x05,0x06,0x00,0x06,0x00,0xfe,0x01,0xfe,0xff,0xfe,0x00,0x00,0x01,0x01,0xff,0xff,0x02,0x01,0x01,0x02,0x02,0x02,0x02,0x03,0x03,0x03,0x02,0x04,0x03,0x04,0x03,0x05,0x04,0x05,0x03,0x06,0x04,0x06,0x01,0x00,0xff,0x00,0x00,0x01,0x03,0x02,0x00,0x02,0x04,0x03,0x01,0x03,0x04,0x04,0x01,0x04,0x05,0x05,0x02,0x05,0x05,0x06,0x02,0x06,0x03,0x07,0x01,0x06,0x00,0xff,0x01,0xff,0x02,0x00,0xfe,0x00,0x03,0x01,0xff,0x01,0x04,0x02,0x05,0x03,0xff,0x02,0x00,0x03,0x05,0x04,0xff,0xfe,0x00,0xfe,0x02,0xff,0x03,0x00,0x04,0x01,0x05,0x02,0x06,0x03,0x03,0xff,0xfe,0xff,0x04,0x00,0x05,0x01,0xfe,0x01,0x06,0x02,0x06,0x01,0xfe,0x02,0x07,0x03,0xff,0x03,0x06,0x04,0x00,0x04,0x06,0x05,0x01,0x05,0x01,0xfe,0x02,0xfe,0xfe,0xfe,0x00,0x00,0x01,0x01,0xff,0xff,0x02,0x02,0x03,0x03,0x04,0x04,0x05,0x05,0x01,0x00,0xff,0x00,0x02,0x01,0x00,0x01,0x03,0x02,0x01,0x02,0x04,0x03,0x02,0x03,0x05,0x04,0x03,0x04,0x04,0x05,0x04,0x06,0x05,0x06,0x06,0x05,0x00,0xff,0x01,0xff,0x02,0x00,0x03,0x01,0x04,0x02,0x05,0x03,0x06,0x04,0xff,0xfe,0x00,0xfe,0x02,0xff,0x03,0x00,0x04,0x01,0x05,0x02,0x06,0x03,0x01,0xfe,0x03,0xff,0xfe,0xff,0x04,0x00,0xfe,0x00,0x05,0x01,0xff,0x01,0x06,0x02,0x00,0x02,0x07,0x03,0x01,0x03,0x02,0x04,0x02,0xfe,0x04,0xff,0x05,0x00,0xfe,0x01,0x06,0x01,0x07,0x02,0xff,0x02,0x00,0x03,0x01,0x04,0x03,0x05,0x06,0x00,0xff,0x03,0x07,0x01,0x00,0x04,0x02,0x05,0x03,0x06,0x03,0xfe,0x00,0x00,0x01,0x00,0xff,0x00,0x02,0x00,0x02,0x01,0x03,0x01,0x03,0x02,0x04,0x02,0x04,0x03,0x05,0x03,0x05,0x04,0x00,0xff,0x00,0x01,0x01,0xff,0x01,0x01,0x03,0x00,0x02,0x02,0x04,0x01,0x05,0x02,0x03,0x03,0x06,0x03,0x04,0x04,0x06,0x04,0x05,0x05,0xff,0xff,0xff,0x01,0x00,0xfe,0x01,0xfe,0x02,0xff,0x03,0xff,0x04,0x00,0x05,0x00,0x05,0x01,0x06,0x01,0x06,0x02,0x07,0x03,0xfe,0x00,0xff,0xfe,0x00,0x02,0x01,0x02,0x01,0x03,0x02,0x03,0x04,0xff,0x03,0x04,0x05,0xff,0x06,0x00,0x02,0x04,0x07,0x00,0x03,0x05,0x04,0x05,0x07,0x01,0x00,0x03,0x07,0x02,0x01,0x04,0x02,0xfe,0xfe,0x01,0x03,0xfe,0xff,0x02,0x04,0xfe,0xff,0x03,0x06,0xff,0xfe,0xff,0x02,0x05,0x07,0xff,0x00,0x00,0x01,0x00,0xff,0x00,0x02,0x00,0x03,0x00,0x04,0x00,0x05,0x00,0x06,0x00,0x07,0x00,0x00,0xff,0x00,0x01,0x01,0xff,0x01,0x01,0x02,0xff,0x02,0x01,0x03,0xff,0x03,0x01,0x04,0xff,0x04,0x01,0x05,0xff,0x05,0x01,0x06,0xff,0x06,0x01,0x07,0xff,0x07,0x01,0xff,0xff,0xff,0x01,0x00,0xfe,0x00,0x02,0x00,0x03,0x01,0xfe,0x01,0x02,0x01,0x03,0x02,0xfe,0x02,0x02,0x02,0x03,0x03,0xfe,0x03,0x02,0x03,0x03,0x04,0xfe,0x04,0x02,0x04,0x03,0x05,0xfe,0x05,0x02,0x05,0x03,0x06,0xfe,0x06,0x02,0x06,0x03,0x07,0xfe,0x07,0x02,0x07,0x03,0xfe,0x00,0xff,0xfe,0xff,0x02,0xff,0x03,0x01,0xfd,0x02,0xfd,0x03,0xfd,0x03,0x04,0x04,0x04,0x05,0x04,0x06,0x04,0xfe,0xff,0xfe,0x01,0x00,0x00,0x01,0x00,0xff,0x00,0x02,0x00,0x03,0x00,0x04,0x00,0x05,0x00,0x06,0x00,0x07,0x00,0x00,0xff,0x00,0x01,0x01,0xff,0x01,0x01,0x02,0xff,0x02,0x01,0x03,0xff,0x03,0x01,0x04,0xff,0x04,0x01,0x05,0xff,0x05,0x01,0x06,0xff,0x06,0x01,0x07,0xff,0x07,0x01,0xff,0xff,0xff,0x01,0x00,0xfe,0x00,0x02,0x01,0xfe,0x01,0x02,0x02,0xfe,0x02,0x02,0x03,0xfe,0x03,0x02,0x04,0xfe,0x04,0x02,0x05,0xfe,0x05,0x02,0x06,0xfe,0x06,0x02,0x07,0xfe,0x07,0x02,0xff,0xfe,0xff,0x02,0x00,0xfd,0x00,0x03,0x01,0xfd,0x01,0x03,0x02,0xfd,0x02,0x03,0x03,0xfd,0x03,0x03,0x04,0xfd,0x04,0x03,0x05,0xfd,0x05,0x03,0x06,0xfd,0x06,0x03,0x07,0xfd,0x07,0x03,0xfe,0x00,0xfe,0xff,0xfe,0x01,0x00,0x00,0x00,0x00,0x00,0x00,0x00,0x00,0x00,0x00,0x00,0x00,0x00,0x00,0x00,0x00,0x00,0x00,0x00,0x00,0x00,0x00,0x00,0x00,0x00,0x00,0x00,0x00,0x00,0x00,0x00,0x00,0x00,0x00,0x00,0x00,0x00,0x00,0x00,0x00,0x00,0x00,0x00,0x00,0x00,0x00,0x00,0x00,0x00,0x00,0x00,0x00,0x00,0x00,0x00,0x00,0x00,0x00,0x00,0x00,0x00,0x00,0x00,0x00,0x00,0x00,0x00,0x00,0x00,0x00,0x00,0x00,0x00,0x00,0x00,0x00,0x00,0x00,0x00,0x00,0x00,0x00,0x00,0x00,0x00,0x00,0x00,0x00,0x00,0x00,0x00,0x00,0x00,0x00,0x00,0x00,0x00,0x00,0x00,0x00,0x00,0x00,0x00,0x00,0x00,0x00,0x00,0x00,0x00,0x00,0x00,0x00,0x00,0x00,0x00,0x00,0x00,0x00,0x00,0x00,0x00,0x00,0x00,0x00,0x00,0x00,0x00,0x00,0x00,0x00,0x00,0x00,0x00,0x00,0x00,0x00,0x00,0x00,0x00,0x00,0x00,0x00,0x00,0x00,0x00,0x00,0x00,0x00,0x00,0x00,0x00,0x00,0x00,0x00,0x00,0x00,0x00,0x00,0x00,0x00,0x00,0x00,0x00,0x00,0x00,0x00,0x00,0x00,0x00,0x00,0x00,0x00,0x00,0x00,0x00,0x00,0x00,0x00,0x00,0x00,0x00,0x00,0x00,0x00,0x00,0x00,0x00,0x00,0x00,0x00,0x00,0x00,0x00,0x00,0x00,0x00,0x00,0x00,0x00,0x00,0x00,0x00,0x00,0x00,0x00,0x00,0x00,0x00,0x00,0x00,0x00,0x00,0x00,0x00,0x00,0x00,0x00,0x00,0x00,0x00,0x00,0x00,0x00,0x00,0x00,0x00,0x00,0x00,0x00,0x00,0x00,0x00,0x00,0x00,0x00,0x00,0x00,0x00,0x00,0x00,0x00,0x00,0x00,0x00,0x00,0x00,0x00,0x00,0x00,0x00,0x00,0x00,0x00,0x00,0x00,0x00,0x00,0x00,0x00,0x00,0x00,0x00,0x00,0x00,0x00,0x00,0x00,0x00,0x00,0x00,0x00,0x00,0x00,0x00,0x00,0x00,0x00,0x00,0x00,0x00,0x00,0x00,0x00,0x00,0x00,0x00,0x00,0x00,0x00,0x00,0x00,0x00,0x00,0x00,0x00,0x00,0x00,0x00,0x00,0x00,0x00,0x00,0x00,0x00,0x00,0x00,0x00,0x00,0x00,0x00,0x00,0x00,0x00,0x00,0x00,0x00,0x00,0x00,0x00,0x00,0x00,0x00,0x00,0x00,0x00,0x00,0x00,0x00,0x00,0x00,0x00,0x00,0x00,0x00,0x00,0x00,0x00,0x00,0x00,0x00,0x00,0x00,0x00,0x00,0x00,0x00,0x00,0x00,0x00,0x00,0x00,0x00,0x00,0x00,0x00,0x00,0x00,0x00,0x00,0x00,0x00,0x00,0x00,0x00,0x00,0x00,0x00,0x00,0x00,0x00,0x00,0x00,0x00,0x00,0x00,0x00,0x00,0x00,0x00,0x00,0x00,0x00,0x00,0x00,0x00,0x00,0x00,0x00,0x00,0x00,0x00,0x00,0x00,0x00,0x00,0x00,0x00,0x00,0x00,0x00,0x00,0x00,0x00,0x00,0x00,0x00,0x00,0x00,0x00,0x00,0x00,0x00,0x00,0x00,0x00,0x00,0x00,0x00,0x00,0x00,0x00,0x00,0x00,0x00,0x00,0x00,0x00,0x00,0x00,0x00,0x00,0x00,0x00,0x00,0x00,0x00,0x00,0x00,0x00,0x00,0x00,0x00,0x00,0x00,0x00,0x00,0x00,0x00,0x00,0x00,0x00,0x00,0x00,0x00,0x00,0x00,0x00,0x00,0x00,0x00,0x00,0x00,0x00,0x00,0x00,0x00,0x00,0x00,0x00,0x00,0x00,0x00,0x00,0x00,0x00,0x00,0x00,0x00,0x00,0x00,0x00,0x00,0x00,0x00,0x00,0x00,0x00,0x00,0x00,0x00,0x00,0x00,0x00,0x00,0x00,0x00,0x00,0x00,0x00,0x00,0x00,0x00,0x00,0x00,0x00,0x00,0x00,0x00,0x00,0x00,0x00,0x00,0x00,0x00,0x00,0x00,0x00,0x00,0x00,0x00,0x00,0x00,0x00,0x00,0x00,0x00,0x00,0x00,0x00,0x00,0x00,0x00,0x00,0x00,0x00,0x00,0x00,0x00,0x00,0x00,0x00,0x00,0x00,0x00,0x00,0x00,0x00,0x00,0x00,0x00,0x00,0x00,0x00,0x00,0x00,0x00,0x00,0x00,0x00,0x00,0x00,0x00,0x00,0x00,0x00,0x00,0x00,0x00,0x00,0x00,0x00,0x00,0x00,0x00,0x00,0x00,0x00,0x00,0x00,0x00,0x00,0x00,0x00,0x00,0x00,0x00,0x00,0x00,0x00,0x00,0x00,0x00,0x00,0x00,0x00,0x00,0x00,0x00,0x00,0x00,0x00,0x00,0x00,0x00,0x00,0x00,0x00,0x00,0x00,0x00,0x00,0x00,0x00,0x00,0x00,0x00,0x00,0x00,0x00,0x00,0x00,0x00,0x00,0x00,0x00,0x00,0x00,0x00,0x00,0x00,0x00,0x00,0x00,0x00,0x00,0x00,0x00,0x00,0x00,0x00,0x00,0x00,0x00,0x00,0x00,0x00,0x00,0x00,0x00,0x00,0x00,0x00,0x00,0x00,0x00,0x00,0x00,0x00,0x00,0x00,0x00,0x00,0x00,0x00,0x00,0x00,0x00,0x00,0x00,0x00,0x00,0x00,0x00,0x00,0x00,0x00,0x00,0x00,0x00,0x00,0x00,0x00,0x00,0x00,0x00,0x00,0x00,0x00,0x00,0x00,0x00,0x00,0x00,0x00,0x00,0x00,0x00,0x00,0x00,0x00,0x00,0x00,0x00,0x00,0x00,0x00,0x00,0x00,0x00,0x00,0x00,0x00,0x00,0x00,0x00,0x00,0x00,0x00,0x00,0x00,0x00,0x00,0x00,0x00,0x00,0x00,0x00,0x00,0x00,0x00,0x00,0x00,0x00,0x00,0x00,0x00,0x00,0x00,0x00,0x00,0x00,0x00,0x00,0x00,0x00,0x00,0x00,0x00,0x00,0x00,0x00,0x00,0x00,0x00,0x00,0x00,0x00,0x00,0x00,0x00,0x00,0x00,0x00,0x00,0x00,0x00,0x00,0x00,0x00,0x00,0x00,0x00,0x00,0x00,0x00,0x00,0x00,0x00,0x00,0x00,0x00,0x00,0x00,0x00,0x00,0x00,0x00,0x00,0x00,0x00,0x00,0x00,0x00,0x00,0x00,0x00,0x00,0x00,0x00,0x00,0x00,0x00,0x00,0x00,0x00,0x00,0x00,0x00,0x00,0x00,0x00,0x00,0x00,0x00,0x00,0x00,0x00,0x00,0x00,0x00,0x00,0x00,0x00,0x00,0x00,0x00,0x00,0x00,0x00,0x00,0x00,0x00,0x00,0x00,0x00,0x00,0x00,0x00,0x00,0x00,0x00,0x00,0x00,0x00,0x00,0x00,0x00,0x00,0x00,0x00,0x00,0x00,0x00,0x00,0x00,0x00,0x00,0x00,0x00,0x00,0x00,0x00,0x00,0x00,0x00,0x00,0x00,0x00,0x00,0x00,0x00,0x00,0x00,0x00,0x00,0x00,0x00,0x00,0x00,0x00,0x00,0x00,0x00,0x00,0x00,0x00,0x00,0x00,0x00,0x00,0x00,0x00,0x00,0x00,0x00,0x00,0x00,0x00,0x00,0x00,0x00,0x00,0x00,0x00,0x00,0x00,0x00,0x00,0x00,0x00,0x00,0x00,0x00,0x00,0x00,0x00,0x00,0x00,0x00,0x00,0x00,0x00,0x00,0x00,0x00,0x00,0x00,0x00,0x00,0x00,0x00,0x00,0x00,0x00,0x00,0x00,0x00,0x00,0x00,0x00,0x00,0x00,0x00,0x00,0x00,0x00,0x00,0x00,0x00,0x00,0x00,0x00,0x00,0x00,0x00,0x00,0x00,0x00,0x00,0x00,0x00,0x00,0x00,0x00,0x00,0x00,0x00,0x00,0x00,0x00,0x00,0x00,0x00,0x00,0x00,0x00,0x00,0x00,0x00,0x00,0x00,0x00,0x00,0x00,0x00,0x00,0x00,0x00,0x00,0x00,0x00,0x00,0x00,0x00,0x00,0x00,0x00,0x00,0x00,0x00,0x00,0x00,0x00,0x00,0x00,0x00,0x00,0x00,0x00,0x00,0x00,0x00,0x00,0x00,0x00,0x00,0x00,0x00,0x00,0x00,0x00,0x00,0x00,0x00,0x00,0x00,0x00,0x00,0x00,0x00,0x00,0x00,0x00,0x00,0x00,0x00,0x00,0x00,0x00,0x00,0x00,0x00,0x00,0x00,0x00,0x00,0x00,0x00,0x00,0x00,0x00,0x00,0x00,0x00,0x00,0x00,0x00,0x00,0x00,0x00,0x00,0x00,0x00,0x00,0x00,0x00,0x00,0x00,0x00,0x00,0x00,0x00,0x00,0x00,0x00,0x00,0x00,0x00,0x00,0x00,0x00,0x00,0x00,0x00,0x00,0x00,0x00,0x00,0x00,0x00,0x00,0x00,0x00,0x00,0x00,0x00,0x00,0x00,0x00,0x00,0x00,0x00,0x00,0x00,0x00,0x00,0x00,0x00,0x00,0x00,0x00,0x00,0x00,0x00,0x00,0x00,0x00,0x00,0x00,0x00,0x00,0x00,0x00,0x00,0x00,0x00,0x00,0x00,0x00,0x00,0x00,0x00,0x00,0x00,0x00,0x00,0x00,0x00,0x00,0x00,0x00,0x00,0x00,0x00,0x00,0x00,0x00,0x00,0x00,0x00,0x00,0x00,0x00,0x00,0x00,0x00,0x00,0x00,0x00,0x00,0x00,0x00,0x00,0x00,0x00,0x00,0x00,0x00,0x00,0x00,0x00,0x00,0x00,0x00,0x00,0x00,0x00,0x00,0x00,0x00,0x00,0x00,0x00,0x00,0x00,0x00,0x00,0x00,0x00,0x00,0x00,0x00,0x00,0x00,0x00,0x00,0x00,0x00,0x00,0x00,0x00,0x00,0x00,0x00,0x00,0x00,0x00,0x00,0x00,0x00,0x00,0x00,0x00,0x00,0x00,0x00,0x00,0x00,0x00,0x00,0x00,0x00,0x00,0x00,0x00,0x00,0x00,0x00,0x00,0x00,0x00,0x00,0x00,0x00,0x00,0x00,0x00,0x00,0x00,0x00,0x00,0x00,0x00,0x00,0x00,0x00,0x00,0x00,0x00,0x00,0x00,0x00,0x00,0x00,0x00,0x00,0x00,0x00,0x00,0x00,0x00,0x00,0x00,0x00,0x00,0x00,0x00,0x00,0x00,0x00,0x00,0x00,0x00,0x00,0x00,0x00,0x00,0x00,0x00,0x00,0x00,0x00,0x00,0x00,0x00,0x00,0x00,0x00,0x00,0x00,0x00,0x00,0x00,0x00,0x00,0x00,0x00,0x00,0x00,0x00,0x00,0x00,0x00,0x00,0x00,0x00,0x00,0x00,0x00,0x00,0x00,0x00,0x00,0x00,0x00,0x00,0x00,0x00,0x00,0x00,0x00,0x00,0x00,0x00,0x00,0x00,0x00,0x00,0x00,0x00,0x00,0x00,0x00,0x00,0x00,0x00,0x00,0x00,0x00,0x00,0x00,0x00,0x00,0x00,0x00,0x00,0x00,0x00,0x00,0x00,0x00,0x00,0x00,0x00,0x00,0x00,0x00,0x00,0x00,0x00,0x00,0x00,0x00,0x00,0x00,0x00,0x00,0x00,0x00,0x00,0x00,0x00,0x00,0x00,0x00,0x00,0x00,0x00,0x00,0x00,0x00,0x00,0x00,0x00,0x00,0x00,0x00,0x00,0x00,0x00,0x00,0x00,0x00,0x00,0x00,0x00,0x00,0x00,0x00,0x00,0x00,0x00,0x00,0x00,0x00,0x00,0x00,0x00,0x00,0x00,0x00,0x00,0x00,0x00,0x00,0x00,0x00,0x00,0x00,0x00,0x00,0x00,0x00,0x00,0x00,0x00,0x00,0x00,0x00,0x00,0x00,0x00,0x00,0x00,0x00,0x00,0x00,0x00,0x00,0x00,0x00,0x00,0x00,0x00,0x00,0x00,0x00,0x00,0x00,0x00,0x00,0x00,0x00,0x00,0x00,0x00,0x00,0x00,0x00,0x00,0x00,0x00,0x00,0x00,0x00,0x00,0x00,0x00,0x00,0x00,0x00,0x00,0x00,0x00,0x00,0x00,0x00,0x00,0x00,0x00,0x00,0x00,0x00,0x00,0x00,0x00,0x00,0x00,0x00,0x00,0x00,0x00,0x00,0x00,0x00,0x00,0x00,0x00,0x00,0x00,0x00,0x00,0x00,0x00,0x00,0x00,0x00,0x00,0x00,0x00,0x00,0x00,0x00,0x00,0x00,0x00,0x00,0x00,0x00,0x00,0x00,0x00,0x00,0x00,0x00,0x00,0x00,0x00,0x00,0x00,0x00,0x00,0x00,0x00,0x00,0x00,0x00,0x00,0x00,0x00,0x00,0x00,0x00,0x00,0x00,0x00,0x00,0x00,0x00,0x00,0x00,0x00,0x00,0x00,0x00,0x00,0x00,0x00,0x00,0x00,0x00,0x00,0x00,0x00,0x00,0x00,0x00,0x00,0x00,0x00,0x00,0x00,0x00,0x00,0x00,0x00,0x00,0x00,0x00,0x00,0x00,0x00,0x00,0x00,0x00,0x00,0x00,0x00,0x00,0x00,0x00,0x00,0x00,0x00,0x00,0x00,0x00,0x00,0x00,0x00,0x00,0x00,0x00,0x00,0x00,0x00,0x00,0x00,0x00,0x00,0x00,0x00,0x00,0x00,0x00,0x00,0x00,0x00,0x00,0x00,0x00,0x00,0x00,0x00,0x00,0x00,0x00,0x00,0x00,0x00,0x00,0x00,0x00,0x00,0x00,0x00,0x00,0x00,0x00,0x00,0x00,0x00,0x00,0x00,0x00,0x00,0x00,0x00,0x00,0x00,0x00,0x00,0x00,0x00,0x00,0x00,0x00,0x00,0x00,0x00,0x00,0x00,0x00,0x00,0x00,0x00,0x00,0x00,0x00,0x00,0x00,0x00,0x00,0x00,0x00,0x00,0x00,0x00,0x00,0x00,0x00,0x00,0x00,0x00,0x00,0x00,0x00,0x00,0x00,0x00,0x00,0x00,0x00,0x00,0x00,0x00,0x00,0x00,0x00,0x00,0x00,0x00,0x00,0x00,0x00,0x00,0x00,0x00,0x00,0x00,0x00,0x00,0x00,0x00,0x00,0x00,0x00,0x00,0x00,0x00,0x00,0x00,0x00,0x00,0x00,0x00,0x00,0x00,0x00,0x00,0x00,0x00,0x00,0x00,0x00,0x00,0x00,0x00,0x00,0x00,0x00,0x00,0x00,0x00,0x00,0x00,0x00,0x00,0x00,0x00,0x00,0x00,0x00,0x00,0x00,0x00,0x00,0x00,0x00,0x00,0x00,0x00,0x00,0x00,0x00,0x00,0x00,0x00,0x00,0x00,0x00,0x00,0x00,0x00,0x00,0x00,0x00,0x00,0x00,0x00,0x00,0x00,0x00,0x00,0x00,0x00,0x00,0x00,0x00,0x00,0x00,0x00,0x00,0x00,0x00,0x00,0x00,0x00,0x00,0x00,0x00,0x00,0x00,0x00,0x00,0x00,0x00,0x00,0x00,0x00,0x00,0x00,0x00,0x00,0x00,0x00,0x00,0x00,0x00,0x00,0x00,0x00,0x00,0x00,0x00,0x00,0x00,0x00,0x00,0x00,0x00,0x00,0x00,0x00,0x00,0x00,0x00,0x00,0x00,0x00,0x00,0x00,0x00,0x00,0x00,0x00,0x00,0x00,0x00,0x00,0x00,0x00,0x00,0x00,0x00,0x00,0x00,0x00,0x00,0x00,0x00,0x00,0x00,0x00,0x00,0x00,0x00,0x00,0x00,0x00,0x00,0x00,0x00,0x00,0x00,0x00,0x00,0x00,0x00,0x00,0x00,0x00,0x00,0x00,0x00,0x00,0x00,0x00,0x00,0x00,0x00,0x00,0x00,0x00,0x00,0x00,0x00,0x00,0x00,0x00,0x00,0x00,0x00,0x00,0x00,0x00,0x00,0x00,0x00,0x00,0x00,0x00,0x00,0x00,0x00,0x00,0x00,0x00,0x00,0x00,0x00,0x00,0x00,0x00,0x00,0x00,0x00,0x00,0x00,0x00,0x00,0x00,0x00,0x00,0x00,0x00,0x00,0x00,0x00,0x00,0x00,0x00,0x00,0x00,0x00,0x00,0x00,0x00,0x00,0x00,0x00,0x00,0x00,0x00,0x00,0x00,0x00,0x00,0x00,0x00,0x00,0x00,0x00,0x00,0x00,0x00,0x00,0x00,0x00,0x00,0x00,0x00,0x00,0x00,0x00,0x00,0x00,0x00,0x00,0x00,0x00,0x00,0x00,0x00,0x00,0x00,0x00,0x00,0x00,0x00,0x00,0x00,0x00,0x00,0x00,0x00,0x00,0x00,0x00,0x00,0x00,0x00,0x00,0x00,0x00,0x00,0x00,0x00,0x00,0x00,0x00,0x00,0x00,0x00,0x00,0x00,0x00,0x00,0x00,0x00,0x00,0x00,0x00,0x00,0x00,0x00,0x00,0x00,0x00,0x00,0x00,0x00,0x00,0x00,0x00,0x00,0x00,0x00,0x00,0x00,0x00,0x00,0x00,0x00,0x00,0x00,0x00,0x00,0x00,0x00,0x00,0x00,0x00,0x00,0x00,0x00,0x00,0x00,0x00,0x00,0x00,0x00,0x00,0x00,0x00,0x00,0x00,0x00,0x00,0x00,0x00,0x00,0x00,0x00,0x00,0x00,0x00,0x00,0x00,0x00,0x00,0x00,0x00,0x00,0x00,0x00,0x00,0x00,0x00,0x00,0x00,0x00,0x00,0x00,0x00,0x00,0x00,0x00,0x00,0x00,0x00,0x00,0x00,0x00,0x00,0x00,0x00,0x00,0x00,0x00,0x00,0x00,0x00,0x00,0x00,0x00,0x00,0x00,0x00,0x00,0x00,0x00,0x00,0x00,0x00,0x00,0x00,0x00,0x00,0x00,0x00,0x00,0x00,0x00,0x00,0x00,0x00,0x00,0x00,0x00,0x00,0x00,0x00,0x00,0x00,0x00,0x00,0x00,0x00,0x00,0x00,0x00,0x00,0x00,0x00,0x00,0x00,0x00,0x00,0x00,0x00,0x00,0x00,0x00,0x00,0x00,0x00,0x00,0x00,0x00,0x00,0x00,0x00,0x00,0x00,0x00,0x00,0x00,0x00,0x00,0x00,0x00,0x00,0x00,0x00,0x00,0x00,0x00,0x00,0x00,0x00,0x00,0x00,0x00,0x00,0x00,0x00,0x00,0x00,0x00,0x00,0x00,0x00,0x00,0x00,0x00,0x00,0x00,0x00,0x00,0x00,0x00,0x00,0x00,0x00,0x00,0x00,0x00,0x00,0x00,0x00,0x00,0x00,0x00,0x00,0x00,0x00,0x00,0x00,0x00,0x00,0x00,0x00,0x00,0x00,0x00,0x00,0x00,0x00,0x00,0x00,0x00,0x00,0x00,0x00,0x00,0x00,0x00,0x00,0x00,0x00,0x00,0x00,0x00,0x00,0x00,0x00,0x00,0x00,0x00,0x00,0x00,0x00,0x00,0x00,0x00,0x00,0x00,0x00,0x00,0x00,0x00,0x00,0x00,0x00,0x00,0x00,0x00,0x00,0x00,0x00,0x00,0x00,0x00,0x00,0x00,0x00,0x00,0x00,0x00,0x00,0x00,0x00,0x00,0x00,0x00,0x00,0x00,0x00,0x00,0x00,0x00,0x00,0x00,0x00,0x00,0x00,0x00,0x00,0x00,0x00,0x00,0x00,0x00,0x00,0x00,0x00,0x00,0x00,0x00,0x00,0x00,0x00,0x00,0x00,0x00,0x00,0x00,0x00,0x00,0x00,0x00,0x00,0x00,0x00,0x00,0x00,0x00,0x00,0x00,0x00,0x00,0x00,0x00,0x00,0x00,0x00,0x00,0x00,0x00,0x00,0x00,0x00,0x00,0x00,0x00,0x00,0x00,0x00,0x00,0x00,0x00,0x00,0x00,0x00,0x00,0x00,0x00,0x00,0x00,0x00,0x00,0x00,0x00,0x00,0x00,0x00,0x00,0x00,0x00,0x00,0x00,0x00,0x00,0x00,0x00,0x00,0x00,0x00,0x00,0x00,0x00,0x00,0x00,0x00,0x00,0x00,0x00,0x00,0x00,0x00,0x00,0x00,0x00,0x00,0x00,0x00,0x00,0x00,0x00,0x00,0x00,0x00,0x00,0x00,0x00,0x00,0x00,0x00,0x00,0x00,0x00,0x00,0x00,0x00,0x00,0x00,0x00,0x00,0x00,0x00,0x00,0x00,0x00,0x00,0x00,0x00,0x00,0x00,0x00,0x00,0x00,0x00,0x00,0x00,0x00,0x00,0x00,0x00,0x00,0x00,0x00,0x00,0x00,0x00,0x00,0x00,0x00,0x00,0x00,0x00,0x00,0x00,0x00,0x00,0x00,0x00,0x00,0x00,0x00,0x00,0x00,0x00,0x00,0x00,0x00,0x00,0x00,0x00,0x00,0x00,0x00,0x00,0x00,0x00,0x00,0x00,0x00,0x00,0x00,0x00,0x00,0x00,0x00,0x00,0x00,0x00,0x00,0x00,0x00,0x00,0x00,0x00,0x00,0x00,0x00,0x00,0x00,0x00,0x00,0x00,0x00,0x00,0x00,0x00,0x00,0x00,0x00,0x00,0x00,0x00,0x00,0x00,0x00,0x00,0x00,0x00,0x00,0x00,0x00,0x00,0x00,0x00,0x00,0x00,0x00,0x00,0x00,0x00,0x00,0x00,0x00,0x00,0x00,0x00,0x00,0x00,0x00,0x00,0x00,0x00,0x00,0x00,0x00,0x00,0x00,0x00,0x00,0x00,0x00,0x00,0x00,0x00,0x00,0x00,0x00,0x00,0x00,0x00,0x00,0x00,0x00,0x00,0x00,0x00,0x00,0x00,0x00,0x00,0x00,0x00,0x00,0x00,0x00,0x00,0x00,0x00,0x00,0x00,0x00,0x00,0x00,0x00,0x00,0x00,0x00,0x00,0x00,0x00,0x00,0x00,0x00,0x00,0x00,0x00,0x00,0x00,0x00,0x00,0x00,0x00,0x00,0x00,0x00,0x00,0x00,0x00,0x00,0x00,0x00,0x00,0x00,0x00,0x00,0x00,0x00,0x00,0x00,0x00,0x00,0x00,0x00,0x00,0x00,0x00,0x00,0x00,0x00,0x00,0x00,0x00,0x00,0x00,0x00,0x00,0x00,0x00,0x00,0x00,0x00,0x00,0x00,0x00,0x00,0x00,0x00,0x00,0x00,0x00,0x00,0x00,0x00,0x00,0x00,0x00,0x00,0x00,0x00,0x00,0x00,0x00,0x00,0x00,0x00,0x00,0x00,0x00,0x00,0x00,0x00,0x00,0x00,0x00,0x00,0x00,0x00,0x00,0x00,0x00,0x00,0x00,0x00,0x00,0x00,0x00,0x00,0x00,0x00,0x00,0x00,0x00,0x00,0x00,0x00,0x00,0x00,0x00,0x00,0x00,0x00,0x00,0x00,0x00,0x00,0x00,0x00,0x00,0x00,0x00,0x00,0x00,0x00,0x00,0x00,0x00,0x00,0x00,0x00,0x00,0x00,0x00,0x00,0x00,0x00,0x00,0x00,0x00,0x00,0x00,0x00,0x00,0x00,0x00,0x00,0x00,0x00,0x00,0x00,0x00,0x00,0x00,0x00,0x00,0x00,0x00,0x00,0x00,0x00,0x00,0x00,0x00,0x00,0x00,0x00,0x00,0x00,0x00,0x00,0x00,0x00,0x00,0x00,0x00,0x00,0x00,0x00,0x00,0x00,0x00,0x00,0x00,0x00,0x00,0x00,0x00,0x00,0x00,0x00,0x00,0x00,0x00,0x00,0x00,0x00,0x00,0x00,0x00,0x00,0x00,0x00,0x00,0x00,0x00,0x00,0x00,0x00,0x00,0x00,0x00,0x00,0x00,0x00,0x00,0x00,0x00,0x00,0x00,0x00,0x00,0x00,0x00,0x00,0x00,0x00,0x00,0x00,0x00,0x00,0x00,0x00,0x00,0x00,0x00,0x00,0x00,0x00,0x00,0x00,0x00,0x00,0x00,0x00,0x00,0x00,0x00,0x00,0x00,0x00,0x00,0x00,0x00,0x00,0x00,0x00,0x00,0x00,0x00,0x00,0x00,0x00,0x00,0x00,0x00,0x00,0x00,0x00,0x00,0x00,0x00,0x00,0x00,0x00,0x00,0x00,0x00,0x00,0x00,0x00,0x00,0x00,0x00,0x00,0x00,0x00,0x00,0x00,0x00,0x00,0x00,0x00,0x00,0x00,0x00,0x00,0x00,0x00,0x00,0x00,0x00,0x00,0x00,0x00,0x00,0x00,0x00,0x00,0x00,0x00,0x00,0x00,0x00,0x00,0x00,0x00,0x00,0x00,0x00,0x00,0x00,0x00,0x00,0x00,0x00,0x00,0x00,0x00,0x00,0x00,0x00,0x00,0x00,0x00,0x00,0x00,0x00,0x00,0x00,0x00,0x00,0x00,0x00,0x00,0x00,0x00};
unsigned char g_CarManufacturerNames[52] __attribute__((aligned(16))) = {0xf0,0x1a,0x01,0x80,0xf0,0x1a,0x01,0x80,0xf0,0x1a,0x01,0x80,0xe8,0x1a,0x01,0x80,0xe0,0x1a,0x01,0x80,0xe0,0x1a,0x01,0x80,0xe0,0x1a,0x01,0x80,0xd4,0x1a,0x01,0x80,0xd4,0x1a,0x01,0x80,0xd4,0x1a,0x01,0x80,0xf0,0x1a,0x01,0x80,0xe0,0x1a,0x01,0x80,0xd4,0x1a,0x01,0x80};
unsigned char g_EngineSpecLabels[52] __attribute__((aligned(16))) = {0x54,0x1b,0x01,0x80,0x4c,0x1b,0x01,0x80,0x44,0x1b,0x01,0x80,0x3c,0x1b,0x01,0x80,0x34,0x1b,0x01,0x80,0x2c,0x1b,0x01,0x80,0x24,0x1b,0x01,0x80,0x1c,0x1b,0x01,0x80,0x14,0x1b,0x01,0x80,0x0c,0x1b,0x01,0x80,0x04,0x1b,0x01,0x80,0xfc,0x1a,0x01,0x80,0xf4,0x1a,0x01,0x80};
unsigned char g_LibcDefaultFormat[13] __attribute__((aligned(16))) = {0x00,0x00,0x00,0x00,0x00,0x00,0x00,0x00,0x00,0x00,0x00,0x00,0x00};
unsigned char g_LibcCtype[131] __attribute__((aligned(16))) = {0x20,0x20,0x20,0x20,0x20,0x20,0x20,0x20,0x20,0x08,0x08,0x08,0x08,0x08,0x20,0x20,0x20,0x20,0x20,0x20,0x20,0x20,0x20,0x20,0x20,0x20,0x20,0x20,0x20,0x20,0x20,0x20,0x18,0x10,0x10,0x10,0x10,0x10,0x10,0x10,0x10,0x10,0x10,0x10,0x10,0x10,0x10,0x10,0x04,0x04,0x04,0x04,0x04,0x04,0x04,0x04,0x04,0x04,0x10,0x10,0x10,0x10,0x10,0x10,0x10,0x41,0x41,0x41,0x41,0x41,0x41,0x01,0x01,0x01,0x01,0x01,0x01,0x01,0x01,0x01,0x01,0x01,0x01,0x01,0x01,0x01,0x01,0x01,0x01,0x01,0x01,0x10,0x10,0x10,0x10,0x10,0x10,0x42,0x42,0x42,0x42,0x42,0x42,0x02,0x02,0x02,0x02,0x02,0x02,0x02,0x02,0x02,0x02,0x02,0x02,0x02,0x02,0x02,0x02,0x02,0x02,0x02,0x02,0x10,0x10,0x10,0x10,0x20,0x00,0x00,0x00};
unsigned char g_CdCommandNeedsSetloc[128] __attribute__((aligned(16))) = {0x00,0x00,0x00,0x00,0x00,0x00,0x00,0x00,0x00,0x00,0x00,0x00,0x01,0x00,0x00,0x00,0x00,0x00,0x00,0x00,0x00,0x00,0x00,0x00,0x01,0x00,0x00,0x00,0x00,0x00,0x00,0x00,0x00,0x00,0x00,0x00,0x00,0x00,0x00,0x00,0x00,0x00,0x00,0x00,0x00,0x00,0x00,0x00,0x00,0x00,0x00,0x00,0x00,0x00,0x00,0x00,0x00,0x00,0x00,0x00,0x00,0x00,0x00,0x00,0x00,0x00,0x00,0x00,0x00,0x00,0x00,0x00,0x00,0x00,0x00,0x00,0x00,0x00,0x00,0x00,0x00,0x00,0x00,0x00,0x01,0x00,0x00,0x00,0x01,0x00,0x00,0x00,0x00,0x00,0x00,0x00,0x00,0x00,0x00,0x00,0x00,0x00,0x00,0x00,0x00,0x00,0x00,0x00,0x01,0x00,0x00,0x00,0x00,0x00,0x00,0x00,0x00,0x00,0x00,0x00,0x00,0x00,0x00,0x00,0x00,0x00,0x00,0x00};
unsigned char g_CdSyncCallback[8] __attribute__((aligned(16))) = {0x00,0x00,0x00,0x00,0};
unsigned char g_CdReadyCallback[8] __attribute__((aligned(16))) = {0x00,0x00,0x00,0x00,0x00,0x00,0x00,0x00};
unsigned char g_CdDebugLevel[8] __attribute__((aligned(16))) = {0x00,0x00,0x00,0x00,0};
unsigned char g_CdStatusByte[8] __attribute__((aligned(16))) = {0x00,0x00,0x00,0x00,0};
unsigned char g_CdErrorByte[8] __attribute__((aligned(16))) = {0x00,0x00,0x00,0x00,0};
unsigned char g_CdShellOpenCount[8] __attribute__((aligned(16))) = {0x00,0x00,0x00,0x00,0};
unsigned char g_CdLastPos[8] __attribute__((aligned(16))) = {0x02,0x00,0x00,0x00,0};
unsigned char g_CdModeByte[8] __attribute__((aligned(16))) = {0x00,0};
unsigned char g_CdLastCommand[8] __attribute__((aligned(16))) = {0x00,0x00,0x00,0};
unsigned char g_CdCommandNames[128] __attribute__((aligned(16))) = {0xcc,0x37,0x01,0x80,0xc4,0x37,0x01,0x80,0xb8,0x37,0x01,0x80,0xb0,0x37,0x01,0x80,0xa4,0x37,0x01,0x80,0x98,0x37,0x01,0x80,0x8c,0x37,0x01,0x80,0x80,0x37,0x01,0x80,0x78,0x37,0x01,0x80,0x6c,0x37,0x01,0x80,0x60,0x37,0x01,0x80,0x58,0x37,0x01,0x80,0x4c,0x37,0x01,0x80,0x3c,0x37,0x01,0x80,0x30,0x37,0x01,0x80,0x2c,0x37,0x01,0x80,0x20,0x37,0x01,0x80,0x14,0x37,0x01,0x80,0x2c,0x37,0x01,0x80,0x08,0x37,0x01,0x80,0xfc,0x36,0x01,0x80,0xf0,0x36,0x01,0x80,0xe4,0x36,0x01,0x80,0x2c,0x37,0x01,0x80,0x2c,0x37,0x01,0x80,0x2c,0x37,0x01,0x80,0x2c,0x37,0x01,0x80,0xd8,0x36,0x01,0x80,0x2c,0x37,0x01,0x80,0x2c,0x37,0x01,0x80,0x2c,0x37,0x01,0x80,0x2c,0x37,0x01,0x80};
unsigned char g_CdIntrNames[32] __attribute__((aligned(16))) = {0x0c,0x38,0x01,0x80,0x00,0x38,0x01,0x80,0xf4,0x37,0x01,0x80,0xe8,0x37,0x01,0x80,0xe0,0x37,0x01,0x80,0xd4,0x37,0x01,0x80,0x2c,0x37,0x01,0x80,0x2c,0x37,0x01,0x80};
unsigned char g_CdCommandHasComplete[128] __attribute__((aligned(16))) = {0x00,0x00,0x00,0x00,0x00,0x00,0x00,0x00,0x00,0x00,0x00,0x00,0x00,0x00,0x00,0x00,0x00,0x00,0x00,0x00,0x00,0x00,0x00,0x00,0x00,0x00,0x00,0x00,0x01,0x00,0x00,0x00,0x01,0x00,0x00,0x00,0x01,0x00,0x00,0x00,0x01,0x00,0x00,0x00,0x00,0x00,0x00,0x00,0x00,0x00,0x00,0x00,0x00,0x00,0x00,0x00,0x00,0x00,0x00,0x00,0x00,0x00,0x00,0x00,0x00,0x00,0x00,0x00,0x00,0x00,0x00,0x00,0x01,0x00,0x00,0x00,0x00,0x00,0x00,0x00,0x00,0x00,0x00,0x00,0x01,0x00,0x00,0x00,0x01,0x00,0x00,0x00,0x00,0x00,0x00,0x00,0x00,0x00,0x00,0x00,0x00,0x00,0x00,0x00,0x01,0x00,0x00,0x00,0x00,0x00,0x00,0x00,0x00,0x00,0x00,0x00,0x00,0x00,0x00,0x00,0x00,0x00,0x00,0x00,0x00,0x00,0x00,0x00};
unsigned char g_CdCommandClearsReady[128] __attribute__((aligned(16))) = {0x00,0x00,0x00,0x00,0x00,0x00,0x00,0x00,0x00,0x00,0x00,0x00,0x01,0x00,0x00,0x00,0x01,0x00,0x00,0x00,0x01,0x00,0x00,0x00,0x01,0x00,0x00,0x00,0x00,0x00,0x00,0x00,0x00,0x00,0x00,0x00,0x00,0x00,0x00,0x00,0x00,0x00,0x00,0x00,0x00,0x00,0x00,0x00,0x00,0x00,0x00,0x00,0x00,0x00,0x00,0x00,0x00,0x00,0x00,0x00,0x00,0x00,0x00,0x00,0x00,0x00,0x00,0x00,0x00,0x00,0x00,0x00,0x00,0x00,0x00,0x00,0x00,0x00,0x00,0x00,0x00,0x00,0x00,0x00,0x01,0x00,0x00,0x00,0x01,0x00,0x00,0x00,0x00,0x00,0x00,0x00,0x00,0x00,0x00,0x00,0x00,0x00,0x00,0x00,0x00,0x00,0x00,0x00,0x01,0x00,0x00,0x00,0x00,0x00,0x00,0x00,0x00,0x00,0x00,0x00,0x00,0x00,0x00,0x00,0x00,0x00,0x00,0x00};
unsigned char g_CdCommandAckHasStatus[128] __attribute__((aligned(16))) = {0x01,0x00,0x00,0x00,0x01,0x00,0x00,0x00,0x01,0x00,0x00,0x00,0x01,0x00,0x00,0x00,0x01,0x00,0x00,0x00,0x01,0x00,0x00,0x00,0x01,0x00,0x00,0x00,0x01,0x00,0x00,0x00,0x01,0x00,0x00,0x00,0x01,0x00,0x00,0x00,0x01,0x00,0x00,0x00,0x01,0x00,0x00,0x00,0x01,0x00,0x00,0x00,0x01,0x00,0x00,0x00,0x01,0x00,0x00,0x00,0x01,0x00,0x00,0x00,0x00,0x00,0x00,0x00,0x00,0x00,0x00,0x00,0x01,0x00,0x00,0x00,0x01,0x00,0x00,0x00,0x01,0x00,0x00,0x00,0x01,0x00,0x00,0x00,0x01,0x00,0x00,0x00,0x01,0x00,0x00,0x00,0x01,0x00,0x00,0x00,0x01,0x00,0x00,0x00,0x01,0x00,0x00,0x00,0x01,0x00,0x00,0x00,0x01,0x00,0x00,0x00,0x01,0x00,0x00,0x00,0x01,0x00,0x00,0x00,0x01,0x00,0x00,0x00};
unsigned char g_CdCommandParamCount[100] __attribute__((aligned(16))) = {0x00,0x00,0x00,0x00,0x00,0x00,0x00,0x00,0x03,0x00,0x00,0x00,0x00,0x00,0x00,0x00,0x00,0x00,0x00,0x00,0x00,0x00,0x00,0x00,0x00,0x00,0x00,0x00,0x00,0x00,0x00,0x00,0x00,0x00,0x00,0x00,0x00,0x00,0x00,0x00,0x00,0x00,0x00,0x00,0x00,0x00,0x00,0x00,0x00,0x00,0x00,0x00,0x02,0x00,0x00,0x00,0x01,0x00,0x00,0x00,0x00,0x00,0x00,0x00,0x00,0x00,0x00,0x00,0x00,0x00,0x00,0x00,0x01,0x00,0x00,0x00,0x00,0x00,0x00,0x00,0x01,0x00,0x00,0x00,0x00,0x00,0x00,0x00,0x00,0x00,0x00,0x00,0x00,0x00,0x00,0x00,0x00,0x00,0x00,0x00};
unsigned char g_CdTestParamCount[28] __attribute__((aligned(16))) = {0x00,0x00,0x00,0x00,0x00,0x00,0x00,0x00,0x00,0x00,0x00,0x00,0x00,0x00,0x00,0x00,0x00,0x00,0x00,0x00,0x00,0x00,0x00,0x00,0x00,0x00,0x00,0x00};
unsigned char g_CdReg0[8] __attribute__((aligned(16))) = {0x00,0x18,0x80,0x1f,0};
unsigned char g_CdReg1[8] __attribute__((aligned(16))) = {0x01,0x18,0x80,0x1f,0};
unsigned char g_CdReg2[8] __attribute__((aligned(16))) = {0x02,0x18,0x80,0x1f,0};
unsigned char g_CdReg3[8] __attribute__((aligned(16))) = {0x03,0x18,0x80,0x1f,0};
unsigned char g_ComDelayReg[8] __attribute__((aligned(16))) = {0x20,0x10,0x80,0x1f,0};
unsigned char g_CdSpuRegs[8] __attribute__((aligned(16))) = {0x00,0x1c,0x80,0x1f,0};
unsigned char g_CdSyncStatus[8] __attribute__((aligned(16))) = {0x00,0};
unsigned char g_CdDataEndStatus[8] __attribute__((aligned(16))) = {0x00,0x00,0};
unsigned char g_CdDebugInfo[24] __attribute__((aligned(16))) = {0x18,0x93,0x09,0x80,0xf0,0xba,0x09,0x80,0x5d,0x90,0x09,0x80,0x4c,0x90,0x09,0x80,0x58,0x90,0x09,0x80,0xd0,0x38,0x01,0x80};
unsigned char g_CdromDelayReg[8] __attribute__((aligned(16))) = {0x18,0x10,0x80,0x1f,0};
unsigned char g_CdDpcr[8] __attribute__((aligned(16))) = {0xf0,0x10,0x80,0x1f,0};
unsigned char g_CdDmaMadr[8] __attribute__((aligned(16))) = {0xb0,0x10,0x80,0x1f,0};
unsigned char g_CdDmaBcr[8] __attribute__((aligned(16))) = {0xb4,0x10,0x80,0x1f,0};
unsigned char g_CdDmaChcr[8] __attribute__((aligned(16))) = {0xb8,0x10,0x80,0x1f,0};
unsigned char g_CdCachedDir[8] __attribute__((aligned(16))) = {0x00,0x00,0x00,0x00,0};
unsigned char g_CdCachedShellOpenCount[20] __attribute__((aligned(16))) = {0xff,0xff,0xff,0xff,0x00,0x18,0x80,0x1f,0x01,0x18,0x80,0x1f,0x02,0x18,0x80,0x1f,0x03,0x18,0x80,0x1f};
unsigned char g_DmaDpcr[8] __attribute__((aligned(16))) = {0xf0,0x10,0x80,0x1f,0};
unsigned char g_DmaDicr[8] __attribute__((aligned(16))) = {0xf4,0x10,0x80,0x1f,0};
unsigned char g_CdDmaControl[24] __attribute__((aligned(16))) = {0xb8,0x10,0x80,0x1f,0xb0,0x10,0x80,0x1f,0xd8,0x10,0x80,0x1f,0xd0,0x10,0x80,0x1f,0x70,0x10,0x80,0x1f,0x74,0x10,0x80,0x1f};
unsigned char g_VSyncGpuStat[8] __attribute__((aligned(16))) = {0x14,0x18,0x80,0x1f,0};
unsigned char g_Timer1CountReg[8] __attribute__((aligned(16))) = {0x10,0x11,0x80,0x1f,0};
unsigned char g_VSyncTimerBase[8] __attribute__((aligned(16))) = {0x00,0x00,0x00,0x00,0};
unsigned char g_VSyncCountBase[8] __attribute__((aligned(16))) = {0x00,0x00,0x00,0x00,0};
unsigned char g_IntrState[8] __attribute__((aligned(16))) = {0x00,0x00,0};
unsigned char g_IntrInDispatch[8] __attribute__((aligned(16))) = {0x00,0x00,0};
unsigned char g_IntrCallbacks[44] __attribute__((aligned(16))) = {0x00,0x00,0x00,0x00,0x00,0x00,0x00,0x00,0x00,0x00,0x00,0x00,0x00,0x00,0x00,0x00,0x00,0x00,0x00,0x00,0x00,0x00,0x00,0x00,0x00,0x00,0x00,0x00,0x00,0x00,0x00,0x00,0x00,0x00,0x00,0x00,0x00,0x00,0x00,0x00,0x00,0x00,0x00,0x00};
unsigned char g_IntrCallbackMask[8] __attribute__((aligned(16))) = {0x00,0x00,0};
unsigned char g_IntrSavedIrqMask[8] __attribute__((aligned(16))) = {0x00,0x00,0};
unsigned char g_IntrSavedDpcr[8] __attribute__((aligned(16))) = {0x00,0x00,0x00,0x00,0x00,0x00,0x00,0x00};
unsigned char g_IntrJmpBufSp[4172] __attribute__((aligned(16))) = {0x00,0x00,0x00,0x00,0x00,0x00,0x00,0x00,0x00,0x00,0x00,0x00,0x00,0x00,0x00,0x00,0x00,0x00,0x00,0x00,0x00,0x00,0x00,0x00,0x00,0x00,0x00,0x00,0x00,0x00,0x00,0x00,0x00,0x00,0x00,0x00,0x00,0x00,0x00,0x00,0x00,0x00,0x00,0x00,0x00,0x00,0x00,0x00,0x00,0x00,0x00,0x00,0x00,0x00,0x00,0x00,0x00,0x00,0x00,0x00,0x00,0x00,0x00,0x00,0x00,0x00,0x00,0x00,0x00,0x00,0x00,0x00,0x00,0x00,0x00,0x00,0x00,0x00,0x00,0x00,0x00,0x00,0x00,0x00,0x00,0x00,0x00,0x00,0x00,0x00,0x00,0x00,0x00,0x00,0x00,0x00,0x00,0x00,0x00,0x00,0x00,0x00,0x00,0x00,0x00,0x00,0x00,0x00,0x00,0x00,0x00,0x00,0x00,0x00,0x00,0x00,0x00,0x00,0x00,0x00,0x00,0x00,0x00,0x00,0x00,0x00,0x00,0x00,0x00,0x00,0x00,0x00,0x00,0x00,0x00,0x00,0x00,0x00,0x00,0x00,0x00,0x00,0x00,0x00,0x00,0x00,0x00,0x00,0x00,0x00,0x00,0x00,0x00,0x00,0x00,0x00,0x00,0x00,0x00,0x00,0x00,0x00,0x00,0x00,0x00,0x00,0x00,0x00,0x00,0x00,0x00,0x00,0x00,0x00,0x00,0x00,0x00,0x00,0x00,0x00,0x00,0x00,0x00,0x00,0x00,0x00,0x00,0x00,0x00,0x00,0x00,0x00,0x00,0x00,0x00,0x00,0x00,0x00,0x00,0x00,0x00,0x00,0x00,0x00,0x00,0x00,0x00,0x00,0x00,0x00,0x00,0x00,0x00,0x00,0x00,0x00,0x00,0x00,0x00,0x00,0x00,0x00,0x00,0x00,0x00,0x00,0x00,0x00,0x00,0x00,0x00,0x00,0x00,0x00,0x00,0x00,0x00,0x00,0x00,0x00,0x00,0x00,0x00,0x00,0x00,0x00,0x00,0x00,0x00,0x00,0x00,0x00,0x00,0x00,0x00,0x00,0x00,0x00,0x00,0x00,0x00,0x00,0x00,0x00,0x00,0x00,0x00,0x00,0x00,0x00,0x00,0x00,0x00,0x00,0x00,0x00,0x00,0x00,0x00,0x00,0x00,0x00,0x00,0x00,0x00,0x00,0x00,0x00,0x00,0x00,0x00,0x00,0x00,0x00,0x00,0x00,0x00,0x00,0x00,0x00,0x00,0x00,0x00,0x00,0x00,0x00,0x00,0x00,0x00,0x00,0x00,0x00,0x00,0x00,0x00,0x00,0x00,0x00,0x00,0x00,0x00,0x00,0x00,0x00,0x00,0x00,0x00,0x00,0x00,0x00,0x00,0x00,0x00,0x00,0x00,0x00,0x00,0x00,0x00,0x00,0x00,0x00,0x00,0x00,0x00,0x00,0x00,0x00,0x00,0x00,0x00,0x00,0x00,0x00,0x00,0x00,0x00,0x00,0x00,0x00,0x00,0x00,0x00,0x00,0x00,0x00,0x00,0x00,0x00,0x00,0x00,0x00,0x00,0x00,0x00,0x00,0x00,0x00,0x00,0x00,0x00,0x00,0x00,0x00,0x00,0x00,0x00,0x00,0x00,0x00,0x00,0x00,0x00,0x00,0x00,0x00,0x00,0x00,0x00,0x00,0x00,0x00,0x00,0x00,0x00,0x00,0x00,0x00,0x00,0x00,0x00,0x00,0x00,0x00,0x00,0x00,0x00,0x00,0x00,0x00,0x00,0x00,0x00,0x00,0x00,0x00,0x00,0x00,0x00,0x00,0x00,0x00,0x00,0x00,0x00,0x00,0x00,0x00,0x00,0x00,0x00,0x00,0x00,0x00,0x00,0x00,0x00,0x00,0x00,0x00,0x00,0x00,0x00,0x00,0x00,0x00,0x00,0x00,0x00,0x00,0x00,0x00,0x00,0x00,0x00,0x00,0x00,0x00,0x00,0x00,0x00,0x00,0x00,0x00,0x00,0x00,0x00,0x00,0x00,0x00,0x00,0x00,0x00,0x00,0x00,0x00,0x00,0x00,0x00,0x00,0x00,0x00,0x00,0x00,0x00,0x00,0x00,0x00,0x00,0x00,0x00,0x00,0x00,0x00,0x00,0x00,0x00,0x00,0x00,0x00,0x00,0x00,0x00,0x00,0x00,0x00,0x00,0x00,0x00,0x00,0x00,0x00,0x00,0x00,0x00,0x00,0x00,0x00,0x00,0x00,0x00,0x00,0x00,0x00,0x00,0x00,0x00,0x00,0x00,0x00,0x00,0x00,0x00,0x00,0x00,0x00,0x00,0x00,0x00,0x00,0x00,0x00,0x00,0x00,0x00,0x00,0x00,0x00,0x00,0x00,0x00,0x00,0x00,0x00,0x00,0x00,0x00,0x00,0x00,0x00,0x00,0x00,0x00,0x00,0x00,0x00,0x00,0x00,0x00,0x00,0x00,0x00,0x00,0x00,0x00,0x00,0x00,0x00,0x00,0x00,0x00,0x00,0x00,0x00,0x00,0x00,0x00,0x00,0x00,0x00,0x00,0x00,0x00,0x00,0x00,0x00,0x00,0x00,0x00,0x00,0x00,0x00,0x00,0x00,0x00,0x00,0x00,0x00,0x00,0x00,0x00,0x00,0x00,0x00,0x00,0x00,0x00,0x00,0x00,0x00,0x00,0x00,0x00,0x00,0x00,0x00,0x00,0x00,0x00,0x00,0x00,0x00,0x00,0x00,0x00,0x00,0x00,0x00,0x00,0x00,0x00,0x00,0x00,0x00,0x00,0x00,0x00,0x00,0x00,0x00,0x00,0x00,0x00,0x00,0x00,0x00,0x00,0x00,0x00,0x00,0x00,0x00,0x00,0x00,0x00,0x00,0x00,0x00,0x00,0x00,0x00,0x00,0x00,0x00,0x00,0x00,0x00,0x00,0x00,0x00,0x00,0x00,0x00,0x00,0x00,0x00,0x00,0x00,0x00,0x00,0x00,0x00,0x00,0x00,0x00,0x00,0x00,0x00,0x00,0x00,0x00,0x00,0x00,0x00,0x00,0x00,0x00,0x00,0x00,0x00,0x00,0x00,0x00,0x00,0x00,0x00,0x00,0x00,0x00,0x00,0x00,0x00,0x00,0x00,0x00,0x00,0x00,0x00,0x00,0x00,0x00,0x00,0x00,0x00,0x00,0x00,0x00,0x00,0x00,0x00,0x00,0x00,0x00,0x00,0x00,0x00,0x00,0x00,0x00,0x00,0x00,0x00,0x00,0x00,0x00,0x00,0x00,0x00,0x00,0x00,0x00,0x00,0x00,0x00,0x00,0x00,0x00,0x00,0x00,0x00,0x00,0x00,0x00,0x00,0x00,0x00,0x00,0x00,0x00,0x00,0x00,0x00,0x00,0x00,0x00,0x00,0x00,0x00,0x00,0x00,0x00,0x00,0x00,0x00,0x00,0x00,0x00,0x00,0x00,0x00,0x00,0x00,0x00,0x00,0x00,0x00,0x00,0x00,0x00,0x00,0x00,0x00,0x00,0x00,0x00,0x00,0x00,0x00,0x00,0x00,0x00,0x00,0x00,0x00,0x00,0x00,0x00,0x00,0x00,0x00,0x00,0x00,0x00,0x00,0x00,0x00,0x00,0x00,0x00,0x00,0x00,0x00,0x00,0x00,0x00,0x00,0x00,0x00,0x00,0x00,0x00,0x00,0x00,0x00,0x00,0x00,0x00,0x00,0x00,0x00,0x00,0x00,0x00,0x00,0x00,0x00,0x00,0x00,0x00,0x00,0x00,0x00,0x00,0x00,0x00,0x00,0x00,0x00,0x00,0x00,0x00,0x00,0x00,0x00,0x00,0x00,0x00,0x00,0x00,0x00,0x00,0x00,0x00,0x00,0x00,0x00,0x00,0x00,0x00,0x00,0x00,0x00,0x00,0x00,0x00,0x00,0x00,0x00,0x00,0x00,0x00,0x00,0x00,0x00,0x00,0x00,0x00,0x00,0x00,0x00,0x00,0x00,0x00,0x00,0x00,0x00,0x00,0x00,0x00,0x00,0x00,0x00,0x00,0x00,0x00,0x00,0x00,0x00,0x00,0x00,0x00,0x00,0x00,0x00,0x00,0x00,0x00,0x00,0x00,0x00,0x00,0x00,0x00,0x00,0x00,0x00,0x00,0x00,0x00,0x00,0x00,0x00,0x00,0x00,0x00,0x00,0x00,0x00,0x00,0x00,0x00,0x00,0x00,0x00,0x00,0x00,0x00,0x00,0x00,0x00,0x00,0x00,0x00,0x00,0x00,0x00,0x00,0x00,0x00,0x00,0x00,0x00,0x00,0x00,0x00,0x00,0x00,0x00,0x00,0x00,0x00,0x00,0x00,0x00,0x00,0x00,0x00,0x00,0x00,0x00,0x00,0x00,0x00,0x00,0x00,0x00,0x00,0x00,0x00,0x00,0x00,0x00,0x00,0x00,0x00,0x00,0x00,0x00,0x00,0x00,0x00,0x00,0x00,0x00,0x00,0x00,0x00,0x00,0x00,0x00,0x00,0x00,0x00,0x00,0x00,0x00,0x00,0x00,0x00,0x00,0x00,0x00,0x00,0x00,0x00,0x00,0x00,0x00,0x00,0x00,0x00,0x00,0x00,0x00,0x00,0x00,0x00,0x00,0x00,0x00,0x00,0x00,0x00,0x00,0x00,0x00,0x00,0x00,0x00,0x00,0x00,0x00,0x00,0x00,0x00,0x00,0x00,0x00,0x00,0x00,0x00,0x00,0x00,0x00,0x00,0x00,0x00,0x00,0x00,0x00,0x00,0x00,0x00,0x00,0x00,0x00,0x00,0x00,0x00,0x00,0x00,0x00,0x00,0x00,0x00,0x00,0x00,0x00,0x00,0x00,0x00,0x00,0x00,0x00,0x00,0x00,0x00,0x00,0x00,0x00,0x00,0x00,0x00,0x00,0x00,0x00,0x00,0x00,0x00,0x00,0x00,0x00,0x00,0x00,0x00,0x00,0x00,0x00,0x00,0x00,0x00,0x00,0x00,0x00,0x00,0x00,0x00,0x00,0x00,0x00,0x00,0x00,0x00,0x00,0x00,0x00,0x00,0x00,0x00,0x00,0x00,0x00,0x00,0x00,0x00,0x00,0x00,0x00,0x00,0x00,0x00,0x00,0x00,0x00,0x00,0x00,0x00,0x00,0x00,0x00,0x00,0x00,0x00,0x00,0x00,0x00,0x00,0x00,0x00,0x00,0x00,0x00,0x00,0x00,0x00,0x00,0x00,0x00,0x00,0x00,0x00,0x00,0x00,0x00,0x00,0x00,0x00,0x00,0x00,0x00,0x00,0x00,0x00,0x00,0x00,0x00,0x00,0x00,0x00,0x00,0x00,0x00,0x00,0x00,0x00,0x00,0x00,0x00,0x00,0x00,0x00,0x00,0x00,0x00,0x00,0x00,0x00,0x00,0x00,0x00,0x00,0x00,0x00,0x00,0x00,0x00,0x00,0x00,0x00,0x00,0x00,0x00,0x00,0x00,0x00,0x00,0x00,0x00,0x00,0x00,0x00,0x00,0x00,0x00,0x00,0x00,0x00,0x00,0x00,0x00,0x00,0x00,0x00,0x00,0x00,0x00,0x00,0x00,0x00,0x00,0x00,0x00,0x00,0x00,0x00,0x00,0x00,0x00,0x00,0x00,0x00,0x00,0x00,0x00,0x00,0x00,0x00,0x00,0x00,0x00,0x00,0x00,0x00,0x00,0x00,0x00,0x00,0x00,0x00,0x00,0x00,0x00,0x00,0x00,0x00,0x00,0x00,0x00,0x00,0x00,0x00,0x00,0x00,0x00,0x00,0x00,0x00,0x00,0x00,0x00,0x00,0x00,0x00,0x00,0x00,0x00,0x00,0x00,0x00,0x00,0x00,0x00,0x00,0x00,0x00,0x00,0x00,0x00,0x00,0x00,0x00,0x00,0x00,0x00,0x00,0x00,0x00,0x00,0x00,0x00,0x00,0x00,0x00,0x00,0x00,0x00,0x00,0x00,0x00,0x00,0x00,0x00,0x00,0x00,0x00,0x00,0x00,0x00,0x00,0x00,0x00,0x00,0x00,0x00,0x00,0x00,0x00,0x00,0x00,0x00,0x00,0x00,0x00,0x00,0x00,0x00,0x00,0x00,0x00,0x00,0x00,0x00,0x00,0x00,0x00,0x00,0x00,0x00,0x00,0x00,0x00,0x00,0x00,0x00,0x00,0x00,0x00,0x00,0x00,0x00,0x00,0x00,0x00,0x00,0x00,0x00,0x00,0x00,0x00,0x00,0x00,0x00,0x00,0x00,0x00,0x00,0x00,0x00,0x00,0x00,0x00,0x00,0x00,0x00,0x00,0x00,0x00,0x00,0x00,0x00,0x00,0x00,0x00,0x00,0x00,0x00,0x00,0x00,0x00,0x00,0x00,0x00,0x00,0x00,0x00,0x00,0x00,0x00,0x00,0x00,0x00,0x00,0x00,0x00,0x00,0x00,0x00,0x00,0x00,0x00,0x00,0x00,0x00,0x00,0x00,0x00,0x00,0x00,0x00,0x00,0x00,0x00,0x00,0x00,0x00,0x00,0x00,0x00,0x00,0x00,0x00,0x00,0x00,0x00,0x00,0x00,0x00,0x00,0x00,0x00,0x00,0x00,0x00,0x00,0x00,0x00,0x00,0x00,0x00,0x00,0x00,0x00,0x00,0x00,0x00,0x00,0x00,0x00,0x00,0x00,0x00,0x00,0x00,0x00,0x00,0x00,0x00,0x00,0x00,0x00,0x00,0x00,0x00,0x00,0x00,0x00,0x00,0x00,0x00,0x00,0x00,0x00,0x00,0x00,0x00,0x00,0x00,0x00,0x00,0x00,0x00,0x00,0x00,0x00,0x00,0x00,0x00,0x00,0x00,0x00,0x00,0x00,0x00,0x00,0x00,0x00,0x00,0x00,0x00,0x00,0x00,0x00,0x00,0x00,0x00,0x00,0x00,0x00,0x00,0x00,0x00,0x00,0x00,0x00,0x00,0x00,0x00,0x00,0x00,0x00,0x00,0x00,0x00,0x00,0x00,0x00,0x00,0x00,0x00,0x00,0x00,0x00,0x00,0x00,0x00,0x00,0x00,0x00,0x00,0x00,0x00,0x00,0x00,0x00,0x00,0x00,0x00,0x00,0x00,0x00,0x00,0x00,0x00,0x00,0x00,0x00,0x00,0x00,0x00,0x00,0x00,0x00,0x00,0x00,0x00,0x00,0x00,0x00,0x00,0x00,0x00,0x00,0x00,0x00,0x00,0x00,0x00,0x00,0x00,0x00,0x00,0x00,0x00,0x00,0x00,0x00,0x00,0x00,0x00,0x00,0x00,0x00,0x00,0x00,0x00,0x00,0x00,0x00,0x00,0x00,0x00,0x00,0x00,0x00,0x00,0x00,0x00,0x00,0x00,0x00,0x00,0x00,0x00,0x00,0x00,0x00,0x00,0x00,0x00,0x00,0x00,0x00,0x00,0x00,0x00,0x00,0x00,0x00,0x00,0x00,0x00,0x00,0x00,0x00,0x00,0x00,0x00,0x00,0x00,0x00,0x00,0x00,0x00,0x00,0x00,0x00,0x00,0x00,0x00,0x00,0x00,0x00,0x00,0x00,0x00,0x00,0x00,0x00,0x00,0x00,0x00,0x00,0x00,0x00,0x00,0x00,0x00,0x00,0x00,0x00,0x00,0x00,0x00,0x00,0x00,0x00,0x00,0x00,0x00,0x00,0x00,0x00,0x00,0x00,0x00,0x00,0x00,0x00,0x00,0x00,0x00,0x00,0x00,0x00,0x00,0x00,0x00,0x00,0x00,0x00,0x00,0x00,0x00,0x00,0x00,0x00,0x00,0x00,0x00,0x00,0x00,0x00,0x00,0x00,0x00,0x00,0x00,0x00,0x00,0x00,0x00,0x00,0x00,0x00,0x00,0x00,0x00,0x00,0x00,0x00,0x00,0x00,0x00,0x00,0x00,0x00,0x00,0x00,0x00,0x00,0x00,0x00,0x00,0x00,0x00,0x00,0x00,0x00,0x00,0x00,0x00,0x00,0x00,0x00,0x00,0x00,0x00,0x00,0x00,0x00,0x00,0x00,0x00,0x00,0x00,0x00,0x00,0x00,0x00,0x00,0x00,0x00,0x00,0x00,0x00,0x00,0x00,0x00,0x00,0x00,0x00,0x00,0x00,0x00,0x00,0x00,0x00,0x00,0x00,0x00,0x00,0x00,0x00,0x00,0x00,0x00,0x00,0x00,0x00,0x00,0x00,0x00,0x00,0x00,0x00,0x00,0x00,0x00,0x00,0x00,0x00,0x00,0x00,0x00,0x00,0x00,0x00,0x00,0x00,0x00,0x00,0x00,0x00,0x00,0x00,0x00,0x00,0x00,0x00,0x00,0x00,0x00,0x00,0x00,0x00,0x00,0x00,0x00,0x00,0x00,0x00,0x00,0x00,0x00,0x00,0x00,0x00,0x00,0x00,0x00,0x00,0x00,0x00,0x00,0x00,0x00,0x00,0x00,0x00,0x00,0x00,0x00,0x00,0x00,0x00,0x00,0x00,0x00,0x00,0x00,0x00,0x00,0x00,0x00,0x00,0x00,0x00,0x00,0x00,0x00,0x00,0x00,0x00,0x00,0x00,0x00,0x00,0x00,0x00,0x00,0x00,0x00,0x00,0x00,0x00,0x00,0x00,0x00,0x00,0x00,0x00,0x00,0x00,0x00,0x00,0x00,0x00,0x00,0x00,0x00,0x00,0x00,0x00,0x00,0x00,0x00,0x00,0x00,0x00,0x00,0x00,0x00,0x00,0x00,0x00,0x00,0x00,0x00,0x00,0x00,0x00,0x00,0x00,0x00,0x00,0x00,0x00,0x00,0x00,0x00,0x00,0x00,0x00,0x00,0x00,0x00,0x00,0x00,0x00,0x00,0x00,0x00,0x00,0x00,0x00,0x00,0x00,0x00,0x00,0x00,0x00,0x00,0x00,0x00,0x00,0x00,0x00,0x00,0x00,0x00,0x00,0x00,0x00,0x00,0x00,0x00,0x00,0x00,0x00,0x00,0x00,0x00,0x00,0x00,0x00,0x00,0x00,0x00,0x00,0x00,0x00,0x00,0x00,0x00,0x00,0x00,0x00,0x00,0x00,0x00,0x00,0x00,0x00,0x00,0x00,0x00,0x00,0x00,0x00,0x00,0x00,0x00,0x00,0x00,0x00,0x00,0x00,0x00,0x00,0x00,0x00,0x00,0x00,0x00,0x00,0x00,0x00,0x00,0x00,0x00,0x00,0x00,0x00,0x00,0x00,0x00,0x00,0x00,0x00,0x00,0x00,0x00,0x00,0x00,0x00,0x00,0x00,0x00,0x00,0x00,0x00,0x00,0x00,0x00,0x00,0x00,0x00,0x00,0x00,0x00,0x00,0x00,0x00,0x00,0x00,0x00,0x00,0x00,0x00,0x00,0x00,0x00,0x00,0x00,0x00,0x00,0x00,0x00,0x00,0x00,0x00,0x00,0x00,0x00,0x00,0x00,0x00,0x00,0x00,0x00,0x00,0x00,0x00,0x00,0x00,0x00,0x00,0x00,0x00,0x00,0x00,0x00,0x00,0x00,0x00,0x00,0x00,0x00,0x00,0x00,0x00,0x00,0x00,0x00,0x00,0x00,0x00,0x00,0x00,0x00,0x00,0x00,0x00,0x00,0x00,0x00,0x00,0x00,0x00,0x00,0x00,0x00,0x00,0x00,0x00,0x00,0x00,0x00,0x00,0x00,0x00,0x00,0x00,0x00,0x00,0x00,0x00,0x00,0x00,0x00,0x00,0x00,0x00,0x00,0x00,0x00,0x00,0x00,0x00,0x00,0x00,0x00,0x00,0x00,0x00,0x00,0x00,0x00,0x00,0x00,0x00,0x00,0x00,0x00,0x00,0x00,0x00,0x00,0x00,0x00,0x00,0x00,0x00,0x00,0x00,0x00,0x00,0x00,0x00,0x00,0x00,0x00,0x00,0x00,0x00,0x00,0x00,0x00,0x00,0x00,0x00,0x00,0x00,0x00,0x00,0x00,0x00,0x00,0x00,0x00,0x00,0x00,0x00,0x00,0x00,0x00,0x00,0x00,0x00,0x00,0x00,0x00,0x00,0x00,0x00,0x00,0x00,0x00,0x00,0x00,0x00,0x00,0x00,0x00,0x00,0x00,0x00,0x00,0x00,0x00,0x00,0x00,0x00,0x00,0x00,0x00,0x00,0x00,0x00,0x00,0x00,0x00,0x00,0x00,0x00,0x00,0x00,0x00,0x00,0x00,0x00,0x00,0x00,0x00,0x00,0x00,0x00,0x00,0x00,0x00,0x00,0x00,0x00,0x00,0x00,0x00,0x00,0x00,0x00,0x00,0x00,0x00,0x00,0x00,0x00,0x00,0x00,0x00,0x00,0x00,0x00,0x00,0x00,0x00,0x00,0x00,0x00,0x00,0x00,0x00,0x00,0x00,0x00,0x00,0x00,0x00,0x00,0x00,0x00,0x00,0x00,0x00,0x00,0x00,0x00,0x00,0x00,0x00,0x00,0x00,0x00,0x00,0x00,0x00,0x00,0x00,0x00,0x00,0x00,0x00,0x00,0x00,0x00,0x00,0x00,0x00,0x00,0x00,0x00,0x00,0x00,0x00,0x00,0x00,0x00,0x00,0x00,0x00,0x00,0x00,0x00,0x00,0x00,0x00,0x00,0x00,0x00,0x00,0x00,0x00,0x00,0x00,0x00,0x00,0x00,0x00,0x00,0x00,0x00,0x00,0x00,0x00,0x00,0x00,0x00,0x00,0x00,0x00,0x00,0x00,0x00,0x00,0x00,0x00,0x00,0x00,0x00,0x00,0x00,0x00,0x00,0x00,0x00,0x00,0x00,0x00,0x00,0x00,0x00,0x00,0x00,0x00,0x00,0x00,0x00,0x00,0x00,0x00,0x00,0x00,0x00,0x00,0x00,0x00,0x00,0x00,0x00,0x00,0x00,0x00,0x00,0x00,0x00,0x00,0x00,0x00,0x00,0x00,0x00,0x00,0x00,0x00,0x00,0x00,0x00,0x00,0x00,0x00,0x00,0x00,0x00,0x00,0x00,0x00,0x00,0x00,0x00,0x00,0x00,0x00,0x00,0x00,0x00,0x00,0x00,0x00,0x00,0x00,0x00,0x00,0x00,0x00,0x00,0x00,0x00,0x00,0x00,0x00,0x00,0x00,0x00,0x00,0x00,0x00,0x00,0x00,0x00,0x00,0x00,0x00,0x00,0x00,0x00,0x00,0x00,0x00,0x00,0x00,0x00,0x00,0x00,0x00,0x00,0x00,0x00,0x00,0x00,0x00,0x00,0x00,0x00,0x00,0x00,0x00,0x00,0x00,0x00,0x00,0x00,0x00,0x00,0x00,0x00,0x00,0x00,0x00,0x00,0x00,0x00,0x00,0x00,0x00,0x00,0x00,0x00,0x00,0x00,0x00,0x00,0x00,0x00,0x00,0x00,0x00,0x00,0x00,0x00,0x00,0x00,0x00,0x00,0x00,0x00,0x00,0x00,0x00,0x00,0x00,0x00,0x00,0x00,0x00,0x00,0x00,0x00,0x00,0x00,0x00,0x00,0x00,0x00,0x00,0x00,0x00,0x00,0x00,0x00,0x00,0x00,0x00,0x00,0x00,0x00,0x00,0x00,0x00,0x00,0x00,0x00,0x00,0x00,0x00,0x00,0x00,0x00,0x00,0x00,0x00,0x00,0x00,0x00,0x00,0x00,0x00,0x00,0x00,0x00,0x00,0x00,0x00,0x00,0x00,0x00,0x00,0x00,0x00,0x00,0x00,0x00,0x00,0x00,0x00,0x00,0x00,0x00,0x00,0x00,0x00,0x00,0x00,0x00,0x00,0x00,0x00,0x00,0x00,0x00,0x00,0x00,0x00,0x00,0x00,0x00,0x00,0x00,0x00,0x00,0x00,0x00,0x00,0x00,0x00,0x00,0x00,0x00,0x00,0x00,0x00,0x00,0x00,0x00,0x00,0x00,0x00,0x00,0x00,0x00,0x00,0x00,0x00,0x00,0x00,0x00,0x00,0x00,0x00,0x00,0x00,0x00,0x00,0x00,0x00,0x00,0x00,0x00,0x00,0x00,0x00,0x00,0x00,0x00,0x00,0x00,0x00,0x00,0x00,0x00,0x00,0x00,0x00,0x00,0x00,0x00,0x00,0x00,0x00,0x00,0x00,0x00,0x00,0x00,0x00,0x00,0x00,0x00,0x00,0x00,0x00,0x00,0x00,0x00,0x00,0x00,0x00,0x00,0x00,0x00,0x00,0x00,0x00,0x00,0x00,0x00,0x00,0x00,0x00,0x00,0x00,0x00,0x00,0x00,0x00,0x00,0x00,0x00,0x00,0x00,0x00,0x00,0x00,0x00,0x00,0x00,0x00,0x00,0x00,0x00,0x00,0x00,0x00,0x00,0x00,0x00,0x00,0x00,0x00,0x00,0x00,0x00,0x00,0x00,0x00,0x00,0x00,0x00,0x00,0x00,0x00,0x00,0x00,0x00,0x00,0x00,0x00,0x00,0x00,0x00,0x00,0x00,0x00,0x00,0x00,0x00,0x00,0x00,0x00,0x00,0x00,0x00,0x00,0x00,0x00,0x00,0x00,0x00,0x00,0x00,0x00,0x00,0x00,0x00,0x00,0x00,0x00,0x00,0x00,0x00,0x00,0x00,0x00,0x00,0x00,0x00,0x00,0x00,0x00,0x00,0x00,0x00,0x00,0x00,0x00,0x00,0x00,0x00,0x00,0x00,0x00,0x00,0x00,0x00,0x00,0x00,0x00,0x00,0x00,0x00,0x00,0x00,0x00,0x00,0x00,0x00,0x00,0x00,0x00,0x00,0x00,0x00,0x00,0x00,0x00,0x00,0x00,0x00,0x00,0x00,0x00,0x00,0x00,0x00,0x00,0x00,0x00,0x00,0x00,0x00,0x00,0x00,0x00,0x00,0x00,0x00,0x00,0x00,0x00,0x00,0x00,0x00,0x00,0x00,0x00,0x00,0x00,0x00,0x00,0x00,0x00,0x00,0x00,0x00,0x00,0x00,0x00,0x00,0x00,0x00,0x00,0x00,0x00,0x00,0x00,0x00,0x00,0x00,0x00,0x00,0x00,0x00,0x00,0x00,0x00,0x00,0x00,0x00,0x00,0x00,0x00,0x00,0x00,0x00,0x00,0x00,0x00,0x00,0x00,0x00,0x00,0x00,0x00,0x00,0x00,0x00,0x00,0x00,0x00,0x00,0x00,0x00,0x00,0x00,0x00,0x00,0x00,0x00,0x00,0x00,0x00,0x00,0x00,0x00,0x00,0x00,0x00,0x00,0x00,0x00,0x00,0x00,0x00,0x00,0x00,0x00,0x00,0x00,0x00,0x00,0x00,0x00,0x00,0x00,0x00,0x00,0x00,0x00,0x00,0x00,0x00,0x00,0x00,0x00,0x00,0x00,0x00,0x00,0x00,0x00,0x00,0x00,0x00,0x00,0x00,0x00,0x00,0x00,0x00,0x00,0x00,0x00,0x00,0x00,0x00,0x00,0x00,0x00,0x00,0x00,0x00,0x00,0x00,0x00,0x00,0x00,0x00,0x00,0x00,0x00,0x00,0x00,0x00,0x00,0x00,0x00,0x00,0x00,0x00,0x00,0x00,0x00,0x00,0x00,0x00,0x00,0x00,0x00,0x00,0x00,0x00,0x00,0x00,0x00,0x00,0x00,0x00,0x00,0x00,0x00,0x00,0x00,0x00,0x00,0x00,0x00,0x00,0x00,0x00,0x00,0x00,0x00,0x00,0x00,0x00,0x00,0x00,0x00,0x00,0x00,0x00,0x00,0x00,0x00,0x00,0x00,0x00,0x00,0x00,0x00,0x00,0x00,0x00,0x00,0x00,0x00,0x00,0x00,0x00,0x00,0x00,0x00,0x00,0x00,0x00,0x00,0x00,0x00,0x00,0x00,0x00,0x00,0x00,0x00,0x00,0x00,0x00,0x00,0x00,0x00,0x00,0x00,0x00,0x00,0x00,0x00,0x00,0x00,0x00,0x00,0x00,0x00,0x00,0x00,0x00,0x00,0x00,0x00,0x00,0x00,0x00,0x00,0x00,0x00,0x00,0x00,0x00,0x00,0x00,0x00,0x00,0x00,0x00,0x00,0x00,0x00,0x00,0x00,0x00,0x00,0x00,0x00,0x00,0x00,0x00,0x00,0x00,0x00,0x00,0x00,0x00,0x00,0x00,0x00,0x00,0x00,0x00,0x00,0x00,0x00,0x00,0x00,0x00,0x00,0x00,0x00,0x00,0x00,0x00,0x00,0x00,0x00,0x00,0x00,0x00,0x00,0x00,0x00,0x00,0x00,0x00,0x00,0x00,0x00,0x00,0x00,0x00,0x00,0x00,0x00,0x00,0x00,0x00,0x00,0x00,0x00,0x00,0x00,0x00,0x00,0x00,0x00,0x00,0x00,0x00,0x00,0x00,0x00,0x00,0x00,0x00,0x00,0x00,0x00,0x00,0x00,0x00,0x00,0x00,0x00,0x00,0x00,0x00,0x00,0x00,0x00,0x00,0x00,0x00,0x00,0x00,0x00,0x00,0x00,0x00,0x00,0x00,0x00,0x00,0x00,0x00,0x00,0x00,0x00,0x00,0x00,0x00,0x00,0x00,0x00,0x00,0x00,0x00,0x00,0x00,0x00,0x00,0x00,0x00,0x00,0x00,0x00,0x00,0x00,0x00,0x00,0x00,0x00,0x00,0x00,0x00,0x00,0x00,0x00,0x00,0x00,0x00,0x00,0x00,0x00,0x00,0x00,0x00,0x00,0x00,0x00,0x00,0x00,0x00,0x00,0x00,0x00,0x00,0x00,0x00,0x00,0x00,0x00,0x00,0x00,0x00,0x00,0x00,0x00,0x00,0x00,0x00,0x00,0x00,0x00,0x00,0x00,0x00,0x00,0x00,0x00,0x00,0x00,0x00,0x00,0x00,0x00,0x00,0x00,0x00,0x00,0x00,0x00,0x00,0x00,0x00,0x00,0x00,0x00,0x00,0x00,0x00,0x00,0x00,0x00,0x00,0x00,0x00,0x00,0x00,0x00,0x00,0x00,0x00,0x00,0x00,0x00,0x00,0x00,0x00,0x00,0x00,0x00,0x00,0x00,0x00,0x00,0x00,0x00,0x00,0x00,0x00,0x00,0x00,0x00,0x00,0x00,0x00,0x00,0x00,0x00,0x00,0x00,0x00,0x00,0x00,0x00,0x00,0x00,0x00,0x00,0x00,0x00,0x00,0x00,0x00,0x00,0x00,0x00,0x00,0x00,0x00,0x00,0x00,0x00,0x00,0x00,0x00,0x00,0x00,0x00,0x00,0x00,0x00,0x00,0x00,0x00,0x00,0x00,0x00,0x00,0x00,0x00,0x00,0x00,0x00,0x00,0x00,0x00,0x00,0x00,0x00,0x00,0x00,0x00,0x00,0x00,0x00,0x00,0x00,0x00,0x00,0x00,0x00,0x00,0x00,0x00,0x00,0x00,0x00,0x00,0x00,0x00,0x00,0x00,0x00,0x00,0x00,0x00,0x00,0x00,0x00,0x00,0x00,0x00,0x00,0x00,0x00,0x00,0x00,0x00,0x00,0x00,0x00,0x00,0x00,0x00,0x00,0x00,0x00,0x00,0x00,0x00,0x00,0x00,0x00,0x00,0x00,0x00,0x00,0x00,0x00,0x00,0x00,0x00,0x00,0x00,0x00,0x00,0x00,0x00,0x00,0x00,0x00,0x00,0x00,0x00,0x00,0x00,0x00,0x00,0x00,0x00,0x00,0x00,0x00,0x00,0x00,0x00,0x00,0x00,0x00,0x00,0x00,0x00,0x00,0x00,0x00,0x00,0x00,0x00,0x00,0x00,0x00,0x00,0x00,0x00,0x00,0x00,0x00,0x00,0x00,0x00,0x00,0x00,0x00,0x00,0x00,0x00,0x00,0x00,0x00,0x00,0x00,0x00,0x00,0x00,0x00,0x00,0x00,0x00,0x00,0x00,0x00,0x00,0x00,0x00,0x00,0x00,0x00,0x00,0x00,0x00,0x00,0x00,0x00,0x00,0x00,0x00,0x00,0x00,0x00,0x00,0x00,0x00,0x00,0x00,0x00,0x00,0x00,0x00,0x00,0x00,0x00,0x00,0x00,0x00,0x00,0x00,0x00,0x00,0x00,0x00,0x00,0x00,0x00,0x00,0x00,0x00,0x00,0x00,0x00,0x00,0x00,0x00,0x00,0x00,0x00,0x00,0x00,0x00,0x00,0x00,0x00,0x00,0x00,0x00,0x00,0x00,0x00,0x00,0x00,0x00,0x00,0x00,0x00,0x00,0x00,0x00,0x00,0x00,0x00,0x00,0x00,0x00,0x00,0x00,0x00,0x00,0x00,0x00,0x00,0x00,0x00,0x00,0x00,0x00,0x00,0x00,0x00,0x00,0x00,0x00,0x00,0x00,0x00,0x00,0x00,0x00,0x00,0x00,0x00,0x00,0x00,0x00,0x00,0x00,0x00,0x00,0x00,0x00,0x00,0x00,0x00,0x00,0x00,0x00,0x00,0x00,0x00,0x00,0x00,0x00,0x00,0x00,0x00,0x00,0x00,0x00,0x00,0x00,0x00,0x00,0x00,0x00,0x00,0x00,0x00,0x00,0x00,0x00,0x00,0x00,0x00,0x00,0x00,0x00,0x00,0x00,0x00,0x00,0x00,0x00,0x00,0x00,0x00,0x00,0x00,0x00,0x00,0x00,0x00,0x00,0x00,0x00,0x00,0x00,0x00,0x00,0x00,0x00,0x00,0x00,0x00,0x00,0x00,0x00,0x00,0x00,0x00,0x00,0x00,0x00,0x00,0x00,0x00,0x00,0x00,0x00,0x00,0x00,0x00,0x00,0x00,0x00,0x00,0x00,0x00,0x00,0x00,0x00,0x00,0x00,0x00,0x00,0x00,0x00,0x00,0x00,0x00,0x00,0x00,0x00,0x00,0x00,0x00,0x00,0x00,0x00,0x00,0x00,0x00,0x00,0x00,0x00,0x00,0x00,0x00,0x00,0x00,0x00,0x00,0x00,0x00,0x00,0x00,0x00,0x00,0x00,0x00,0x00,0x00,0x00,0x00,0x00,0x00,0x00,0x00,0x00,0x00,0x00,0x00,0x00,0x00,0x00,0x00,0x00,0x00,0x00,0x00,0x00,0x00,0x00,0x00,0x00,0x00,0x00,0x00,0x00,0x00,0x00,0x00,0x00,0x00,0x00,0x00,0x00,0x00,0x00,0x00,0x00,0x00,0x00,0x00,0x00,0x00,0x00,0x00,0x00,0x00,0x00,0x00,0x00,0x00,0x00,0x00,0x00,0x00,0x00,0x00,0x00,0x00,0x00,0x00,0x00,0x00,0x00,0x00,0x00,0x00,0x00,0x00,0x00,0x00,0x00,0x00,0x00,0x00,0x00,0x00,0x00,0x00,0x00,0x00,0x00,0x00,0x00,0x00,0x00,0x00,0x00,0x00,0x00,0x00,0x00,0x00,0x00,0x00,0x00,0x00,0x00,0x00,0x00,0x00,0x00,0x00,0x00,0x00,0x00,0x00,0x00,0x00,0x00,0x00,0x00,0x00,0x00,0x00,0x00,0x00,0x00,0x00,0x00,0x00,0x00,0x00,0x00,0x00,0x00,0x00,0x00,0x00,0x00,0x00,0x00,0x00,0x00,0x00,0x00,0x00,0x00,0x00,0x00,0x00,0x00,0x00,0x00,0x00,0x00,0x00,0x00,0x00,0x00,0x00,0x00,0x00,0x00,0x00,0x00,0x00,0x00,0x00,0x00,0x00,0x00,0x00,0x00,0x00,0x00,0x00,0x00,0x00,0x00,0x00,0x00,0x00,0x00,0x00,0x00,0x00,0x00,0x00,0x00,0x00,0x00,0x00,0x00,0x00,0x00,0x00,0x00,0x00,0x00,0x00,0x00,0x00,0x00,0x00,0x00,0x00,0x00,0x00,0x00,0x00,0x00,0x00,0x00,0x00,0x00,0x00,0x00,0x00,0x00,0x00,0x00,0x00,0x00,0x00,0x00,0x00,0x00,0x00,0x00,0x00,0x00,0x00,0x00,0x00,0x3c,0x3b,0x01,0x80,0x00,0x00,0x00,0x00,0x90,0xe3,0x06,0x80,0xcc,0xe0,0x06,0x80,0xe4,0xe4,0x06,0x80,0x00,0x00,0x00,0x00,0x90,0xe5,0x06,0x80,0x30,0x94,0x09,0x80};
unsigned char g_IntrRpNode[8] __attribute__((aligned(16))) = {0x98,0xa4,0x09,0x80,0};
unsigned char g_IrqStatus[8] __attribute__((aligned(16))) = {0x70,0x10,0x80,0x1f,0};
unsigned char g_IrqMask[8] __attribute__((aligned(16))) = {0x74,0x10,0x80,0x1f,0};
unsigned char g_KernelDpcr[8] __attribute__((aligned(16))) = {0xf0,0x10,0x80,0x1f,0};
unsigned char g_IntrStuckCount[8] __attribute__((aligned(16))) = {0x00,0x00,0x00,0x00,0};
unsigned char g_VSyncCallbacks[32] __attribute__((aligned(16))) = {0x00,0x00,0x00,0x00,0x00,0x00,0x00,0x00,0x00,0x00,0x00,0x00,0x00,0x00,0x00,0x00,0x00,0x00,0x00,0x00,0x00,0x00,0x00,0x00,0x00,0x00,0x00,0x00,0x00,0x00,0x00,0x00};
unsigned char g_VSyncCount[8] __attribute__((aligned(16))) = {0x00,0x00,0x00,0x00,0};
unsigned char g_Timer1ModeReg[8] __attribute__((aligned(16))) = {0x14,0x11,0x80,0x1f,0};
unsigned char g_DmaIrqControl[8] __attribute__((aligned(16))) = {0xf4,0x10,0x80,0x1f,0};
unsigned char g_DmaCallbacks[32] __attribute__((aligned(16))) = {0x00,0x00,0x00,0x00,0x00,0x00,0x00,0x00,0x00,0x00,0x00,0x00,0x00,0x00,0x00,0x00,0x00,0x00,0x00,0x00,0x00,0x00,0x00,0x00,0x00,0x00,0x00,0x00,0x00,0x00,0x00,0x00};
unsigned char g_DmaChannelRegs[8] __attribute__((aligned(16))) = {0x80,0x10,0x80,0x1f,0};
unsigned char g_DmaInterruptState[12] __attribute__((aligned(16))) = {0x00,0x00,0x00,0x00,0x00,0x80,0x00,0x00,0x00,0x00,0x80,0x00};
unsigned char g_SndVoiceRegDefaults[16] __attribute__((aligned(16))) = {0x00,0x00,0x00,0x00,0x00,0x10,0x00,0x30,0xbf,0x00,0x00,0x00,0x00,0x00,0x00,0x00};
unsigned char g_SndSpuCtrlDefaults[32] __attribute__((aligned(16))) = {0xff,0x3f,0xff,0x3f,0x00,0x00,0x00,0x00,0x00,0x00,0x00,0x00,0x00,0x00,0x00,0x00,0x00,0x00,0x00,0x00,0x00,0x00,0x00,0x00,0x00,0x00,0x00,0x00,0x00,0x00,0x00,0x00};
unsigned char g_SndTickMode[8] __attribute__((aligned(16))) = "<";
unsigned char g_SndNoTickFlag[8] __attribute__((aligned(16))) = {0x01,0x00,0x00,0x00,0};
unsigned char g_SndTickCallback[8] __attribute__((aligned(16))) = {0x18,0x10,0x07,0x80,0};
unsigned char g_SndPrevVSyncCallback[8] __attribute__((aligned(16))) = {0x00,0x00,0x00,0x00,0};
unsigned char g_SndTickUsesVSync[8] __attribute__((aligned(16))) = {0x00,0};
unsigned char g_SndTickHalfRate[8] __attribute__((aligned(16))) = {0x00,0};
unsigned char g_SndTickIrq[8] __attribute__((aligned(16))) = {0xff,0x00,0};
unsigned char g_SndTickVSyncToggle[8] __attribute__((aligned(16))) = {0x00,0x00,0x00,0x00,0};
unsigned char g_IrqRegs[8] __attribute__((aligned(16))) = {0x70,0x10,0x80,0x1f,0};
unsigned char g_RootCounterRegs[8] __attribute__((aligned(16))) = {0x00,0x11,0x80,0x1f,0};
unsigned char g_RootCounterIrqBits[16] __attribute__((aligned(16))) = {0x10,0x00,0x00,0x00,0x20,0x00,0x00,0x00,0x40,0x00,0x00,0x00,0x01,0x00,0x00,0x00};
unsigned char g_SndSpuRegs[8] __attribute__((aligned(16))) = {0x00,0x1c,0x80,0x1f,0};
unsigned char g_SndPitchTable[392] __attribute__((aligned(16))) = {0x00,0x10,0x0e,0x10,0x1d,0x10,0x2c,0x10,0x3b,0x10,0x4a,0x10,0x59,0x10,0x68,0x10,0x78,0x10,0x87,0x10,0x96,0x10,0xa5,0x10,0xb5,0x10,0xc4,0x10,0xd4,0x10,0xe3,0x10,0xf3,0x10,0x03,0x11,0x13,0x11,0x22,0x11,0x32,0x11,0x42,0x11,0x52,0x11,0x62,0x11,0x72,0x11,0x82,0x11,0x93,0x11,0xa3,0x11,0xb3,0x11,0xc4,0x11,0xd4,0x11,0xe5,0x11,0xf5,0x11,0x06,0x12,0x16,0x12,0x27,0x12,0x38,0x12,0x49,0x12,0x5a,0x12,0x6b,0x12,0x7c,0x12,0x8d,0x12,0x9e,0x12,0xaf,0x12,0xc1,0x12,0xd2,0x12,0xe3,0x12,0xf5,0x12,0x06,0x13,0x18,0x13,0x2a,0x13,0x3c,0x13,0x4d,0x13,0x5f,0x13,0x71,0x13,0x83,0x13,0x95,0x13,0xa7,0x13,0xba,0x13,0xcc,0x13,0xde,0x13,0xf1,0x13,0x03,0x14,0x16,0x14,0x28,0x14,0x3b,0x14,0x4e,0x14,0x60,0x14,0x73,0x14,0x86,0x14,0x99,0x14,0xac,0x14,0xbf,0x14,0xd3,0x14,0xe6,0x14,0xf9,0x14,0x0d,0x15,0x20,0x15,0x34,0x15,0x47,0x15,0x5b,0x15,0x6f,0x15,0x83,0x15,0x97,0x15,0xab,0x15,0xbf,0x15,0xd3,0x15,0xe7,0x15,0xfb,0x15,0x10,0x16,0x24,0x16,0x38,0x16,0x4d,0x16,0x62,0x16,0x76,0x16,0x8b,0x16,0xa0,0x16,0xb5,0x16,0xca,0x16,0xdf,0x16,0xf4,0x16,0x0a,0x17,0x1f,0x17,0x34,0x17,0x4a,0x17,0x5f,0x17,0x75,0x17,0x8b,0x17,0xa1,0x17,0xb6,0x17,0xcc,0x17,0xe2,0x17,0xf9,0x17,0x0f,0x18,0x25,0x18,0x3b,0x18,0x52,0x18,0x68,0x18,0x7f,0x18,0x96,0x18,0xac,0x18,0xc3,0x18,0xda,0x18,0xf1,0x18,0x08,0x19,0x1f,0x19,0x37,0x19,0x4e,0x19,0x65,0x19,0x7d,0x19,0x95,0x19,0xac,0x19,0xc4,0x19,0xdc,0x19,0xf4,0x19,0x0c,0x1a,0x24,0x1a,0x3c,0x1a,0x55,0x1a,0x6d,0x1a,0x85,0x1a,0x9e,0x1a,0xb7,0x1a,0xcf,0x1a,0xe8,0x1a,0x01,0x1b,0x1a,0x1b,0x33,0x1b,0x4c,0x1b,0x66,0x1b,0x7f,0x1b,0x98,0x1b,0xb2,0x1b,0xcc,0x1b,0xe5,0x1b,0xff,0x1b,0x19,0x1c,0x33,0x1c,0x4d,0x1c,0x67,0x1c,0x82,0x1c,0x9c,0x1c,0xb7,0x1c,0xd1,0x1c,0xec,0x1c,0x07,0x1d,0x22,0x1d,0x3d,0x1d,0x58,0x1d,0x73,0x1d,0x8e,0x1d,0xa9,0x1d,0xc5,0x1d,0xe0,0x1d,0xfc,0x1d,0x18,0x1e,0x34,0x1e,0x50,0x1e,0x6c,0x1e,0x88,0x1e,0xa4,0x1e,0xc1,0x1e,0xdd,0x1e,0xfa,0x1e,0x16,0x1f,0x33,0x1f,0x50,0x1f,0x6d,0x1f,0x8a,0x1f,0xa7,0x1f,0xc5,0x1f,0xe2,0x1f,0x00,0x20,0x00,0x00,0x00,0x00,0x00,0x00};
unsigned char g_SpuTransferMode[8] __attribute__((aligned(16))) = {0x00,0x00,0x00,0x00,0};
unsigned char g_SpuRevState[8] __attribute__((aligned(16))) = {0x00,0x00,0x00,0x00,0};
unsigned char g_SpuRevReserveWa[8] __attribute__((aligned(16))) = {0x00,0x00,0x00,0x00,0};
unsigned char g_SpuRevWorkAreaAddr[8] __attribute__((aligned(16))) = {0x00,0x00,0x00,0x00,0x00,0x00,0x00,0x00};
unsigned char g_SpuRevAttr[8] __attribute__((aligned(16))) = {0x00,0x00,0x00,0x00,0};
short g_SpuRevAttrDepthLeft;
short g_SpuRevAttrDepthRight;
unsigned char g_SpuRevAttrDelay[8] __attribute__((aligned(16))) = {0x00,0x00,0x00,0x00,0};
unsigned char g_SpuRevAttrFeedback[50] __attribute__((aligned(16))) = {0x00,0x00,0x00,0x00,0x00,0xc0,0x00,0xc0,0x00,0xc0,0x00,0xc0,0x00,0xc0,0x00,0xc0,0x00,0xc0,0x00,0xc0,0x00,0xc0,0x00,0xc0,0x00,0xc0,0x00,0xc0,0x00,0xc0,0x00,0xc0,0x00,0xc0,0x00,0xc0,0x00,0xc0,0x00,0xc0,0x00,0xc0,0x00,0xc0,0x00,0xc0,0x00,0xc0,0x00,0xc0};
unsigned char g_SpuVoiceCenterNoteLast[8] __attribute__((aligned(16))) = {0x00,0xc0,0};
unsigned char g_SpuTransferEvent[8] __attribute__((aligned(16))) = {0x00,0x00,0x00,0x00,0};
unsigned char g_SpuKeyStatus[8] __attribute__((aligned(16))) = {0x00,0x00,0x00,0x00,0};
unsigned char g_SpuZeroBuf[1024] __attribute__((aligned(16))) = {0x00,0x00,0x00,0x00,0x00,0x00,0x00,0x00,0x00,0x00,0x00,0x00,0x00,0x00,0x00,0x00,0x00,0x00,0x00,0x00,0x00,0x00,0x00,0x00,0x00,0x00,0x00,0x00,0x00,0x00,0x00,0x00,0x00,0x00,0x00,0x00,0x00,0x00,0x00,0x00,0x00,0x00,0x00,0x00,0x00,0x00,0x00,0x00,0x00,0x00,0x00,0x00,0x00,0x00,0x00,0x00,0x00,0x00,0x00,0x00,0x00,0x00,0x00,0x00,0x00,0x00,0x00,0x00,0x00,0x00,0x00,0x00,0x00,0x00,0x00,0x00,0x00,0x00,0x00,0x00,0x00,0x00,0x00,0x00,0x00,0x00,0x00,0x00,0x00,0x00,0x00,0x00,0x00,0x00,0x00,0x00,0x00,0x00,0x00,0x00,0x00,0x00,0x00,0x00,0x00,0x00,0x00,0x00,0x00,0x00,0x00,0x00,0x00,0x00,0x00,0x00,0x00,0x00,0x00,0x00,0x00,0x00,0x00,0x00,0x00,0x00,0x00,0x00,0x00,0x00,0x00,0x00,0x00,0x00,0x00,0x00,0x00,0x00,0x00,0x00,0x00,0x00,0x00,0x00,0x00,0x00,0x00,0x00,0x00,0x00,0x00,0x00,0x00,0x00,0x00,0x00,0x00,0x00,0x00,0x00,0x00,0x00,0x00,0x00,0x00,0x00,0x00,0x00,0x00,0x00,0x00,0x00,0x00,0x00,0x00,0x00,0x00,0x00,0x00,0x00,0x00,0x00,0x00,0x00,0x00,0x00,0x00,0x00,0x00,0x00,0x00,0x00,0x00,0x00,0x00,0x00,0x00,0x00,0x00,0x00,0x00,0x00,0x00,0x00,0x00,0x00,0x00,0x00,0x00,0x00,0x00,0x00,0x00,0x00,0x00,0x00,0x00,0x00,0x00,0x00,0x00,0x00,0x00,0x00,0x00,0x00,0x00,0x00,0x00,0x00,0x00,0x00,0x00,0x00,0x00,0x00,0x00,0x00,0x00,0x00,0x00,0x00,0x00,0x00,0x00,0x00,0x00,0x00,0x00,0x00,0x00,0x00,0x00,0x00,0x00,0x00,0x00,0x00,0x00,0x00,0x00,0x00,0x00,0x00,0x00,0x00,0x00,0x00,0x00,0x00,0x00,0x00,0x00,0x00,0x00,0x00,0x00,0x00,0x00,0x00,0x00,0x00,0x00,0x00,0x00,0x00,0x00,0x00,0x00,0x00,0x00,0x00,0x00,0x00,0x00,0x00,0x00,0x00,0x00,0x00,0x00,0x00,0x00,0x00,0x00,0x00,0x00,0x00,0x00,0x00,0x00,0x00,0x00,0x00,0x00,0x00,0x00,0x00,0x00,0x00,0x00,0x00,0x00,0x00,0x00,0x00,0x00,0x00,0x00,0x00,0x00,0x00,0x00,0x00,0x00,0x00,0x00,0x00,0x00,0x00,0x00,0x00,0x00,0x00,0x00,0x00,0x00,0x00,0x00,0x00,0x00,0x00,0x00,0x00,0x00,0x00,0x00,0x00,0x00,0x00,0x00,0x00,0x00,0x00,0x00,0x00,0x00,0x00,0x00,0x00,0x00,0x00,0x00,0x00,0x00,0x00,0x00,0x00,0x00,0x00,0x00,0x00,0x00,0x00,0x00,0x00,0x00,0x00,0x00,0x00,0x00,0x00,0x00,0x00,0x00,0x00,0x00,0x00,0x00,0x00,0x00,0x00,0x00,0x00,0x00,0x00,0x00,0x00,0x00,0x00,0x00,0x00,0x00,0x00,0x00,0x00,0x00,0x00,0x00,0x00,0x00,0x00,0x00,0x00,0x00,0x00,0x00,0x00,0x00,0x00,0x00,0x00,0x00,0x00,0x00,0x00,0x00,0x00,0x00,0x00,0x00,0x00,0x00,0x00,0x00,0x00,0x00,0x00,0x00,0x00,0x00,0x00,0x00,0x00,0x00,0x00,0x00,0x00,0x00,0x00,0x00,0x00,0x00,0x00,0x00,0x00,0x00,0x00,0x00,0x00,0x00,0x00,0x00,0x00,0x00,0x00,0x00,0x00,0x00,0x00,0x00,0x00,0x00,0x00,0x00,0x00,0x00,0x00,0x00,0x00,0x00,0x00,0x00,0x00,0x00,0x00,0x00,0x00,0x00,0x00,0x00,0x00,0x00,0x00,0x00,0x00,0x00,0x00,0x00,0x00,0x00,0x00,0x00,0x00,0x00,0x00,0x00,0x00,0x00,0x00,0x00,0x00,0x00,0x00,0x00,0x00,0x00,0x00,0x00,0x00,0x00,0x00,0x00,0x00,0x00,0x00,0x00,0x00,0x00,0x00,0x00,0x00,0x00,0x00,0x00,0x00,0x00,0x00,0x00,0x00,0x00,0x00,0x00,0x00,0x00,0x00,0x00,0x00,0x00,0x00,0x00,0x00,0x00,0x00,0x00,0x00,0x00,0x00,0x00,0x00,0x00,0x00,0x00,0x00,0x00,0x00,0x00,0x00,0x00,0x00,0x00,0x00,0x00,0x00,0x00,0x00,0x00,0x00,0x00,0x00,0x00,0x00,0x00,0x00,0x00,0x00,0x00,0x00,0x00,0x00,0x00,0x00,0x00,0x00,0x00,0x00,0x00,0x00,0x00,0x00,0x00,0x00,0x00,0x00,0x00,0x00,0x00,0x00,0x00,0x00,0x00,0x00,0x00,0x00,0x00,0x00,0x00,0x00,0x00,0x00,0x00,0x00,0x00,0x00,0x00,0x00,0x00,0x00,0x00,0x00,0x00,0x00,0x00,0x00,0x00,0x00,0x00,0x00,0x00,0x00,0x00,0x00,0x00,0x00,0x00,0x00,0x00,0x00,0x00,0x00,0x00,0x00,0x00,0x00,0x00,0x00,0x00,0x00,0x00,0x00,0x00,0x00,0x00,0x00,0x00,0x00,0x00,0x00,0x00,0x00,0x00,0x00,0x00,0x00,0x00,0x00,0x00,0x00,0x00,0x00,0x00,0x00,0x00,0x00,0x00,0x00,0x00,0x00,0x00,0x00,0x00,0x00,0x00,0x00,0x00,0x00,0x00,0x00,0x00,0x00,0x00,0x00,0x00,0x00,0x00,0x00,0x00,0x00,0x00,0x00,0x00,0x00,0x00,0x00,0x00,0x00,0x00,0x00,0x00,0x00,0x00,0x00,0x00,0x00,0x00,0x00,0x00,0x00,0x00,0x00,0x00,0x00,0x00,0x00,0x00,0x00,0x00,0x00,0x00,0x00,0x00,0x00,0x00,0x00,0x00,0x00,0x00,0x00,0x00,0x00,0x00,0x00,0x00,0x00,0x00,0x00,0x00,0x00,0x00,0x00,0x00,0x00,0x00,0x00,0x00,0x00,0x00,0x00,0x00,0x00,0x00,0x00,0x00,0x00,0x00,0x00,0x00,0x00,0x00,0x00,0x00,0x00,0x00,0x00,0x00,0x00,0x00,0x00,0x00,0x00,0x00,0x00,0x00,0x00,0x00,0x00,0x00,0x00,0x00,0x00,0x00,0x00,0x00,0x00,0x00,0x00,0x00,0x00,0x00,0x00,0x00,0x00,0x00,0x00,0x00,0x00,0x00,0x00,0x00,0x00,0x00,0x00,0x00,0x00,0x00,0x00,0x00,0x00,0x00,0x00,0x00,0x00,0x00,0x00,0x00,0x00,0x00,0x00,0x00,0x00,0x00,0x00,0x00,0x00,0x00,0x00,0x00,0x00,0x00,0x00,0x00,0x00,0x00,0x00,0x00,0x00,0x00,0x00,0x00,0x00,0x00,0x00,0x00,0x00,0x00,0x00,0x00,0x00,0x00,0x00,0x00,0x00,0x00,0x00,0x00,0x00,0x00,0x00,0x00,0x00,0x00,0x00,0x00,0x00,0x00,0x00,0x00,0x00,0x00,0x00,0x00,0x00,0x00,0x00,0x00,0x00,0x00,0x00,0x00,0x00,0x00,0x00,0x00,0x00,0x00,0x00,0x00,0x00,0x00,0x00,0x00,0x00,0x00,0x00,0x00,0x00,0x00,0x00,0x00,0x00,0x00,0x00,0x00,0x00,0x00,0x00,0x00,0x00,0x00,0x00,0x00,0x00,0x00,0x00,0x00,0x00,0x00,0x00,0x00,0x00,0x00,0x00,0x00,0x00,0x00,0x00,0x00,0x00,0x00,0x00,0x00,0x00,0x00,0x00,0x00,0x00,0x00,0x00,0x00,0x00,0x00,0x00,0x00,0x00,0x00,0x00,0x00,0x00,0x00,0x00,0x00,0x00,0x00,0x00,0x00,0x00,0x00,0x00,0x00,0x00,0x00,0x00,0x00,0x00,0x00,0x00,0x00,0x00,0x00,0x00,0x00,0x00,0x00,0x00,0x00,0x00,0x00,0x00,0x00,0x00,0x00,0x00,0x00,0x00,0x00,0x00,0x00,0x00,0x00,0x00,0x00,0x00,0x00,0x00};
unsigned char g_SpuIsStarted[8] __attribute__((aligned(16))) = {0x00,0x00,0x00,0x00,0};
unsigned char g_SpuWaitCount[8] __attribute__((aligned(16))) = {0x00,0x00,0x00,0x00,0};
unsigned char g_SpuTransferStartAddr[8] __attribute__((aligned(16))) = {0x00,0x00,0x00,0x00,0};
unsigned char g_SpuRegBase[8] __attribute__((aligned(16))) = {0x00,0x1c,0x80,0x1f,0};
unsigned char g_SpuDmaMadr[8] __attribute__((aligned(16))) = {0xc0,0x10,0x80,0x1f,0};
unsigned char g_SpuDmaBcr[8] __attribute__((aligned(16))) = {0xc4,0x10,0x80,0x1f,0};
unsigned char g_SpuDmaChcr[8] __attribute__((aligned(16))) = {0xc8,0x10,0x80,0x1f,0};
unsigned char g_SpuDpcr[8] __attribute__((aligned(16))) = {0xf0,0x10,0x80,0x1f,0};
unsigned char g_SpuDelayReg[8] __attribute__((aligned(16))) = {0x14,0x10,0x80,0x1f,0};
unsigned char g_SpuTransferByIo[8] __attribute__((aligned(16))) = {0x00,0x00,0x00,0x00,0};
unsigned char g_SpuInTransfer[8] __attribute__((aligned(16))) = {0x00,0x00,0x00,0x00,0};
unsigned char g_SpuMemMode[8] __attribute__((aligned(16))) = {0x02,0x00,0x00,0x00,0};
unsigned char g_SpuMemModeUnit[8] __attribute__((aligned(16))) = {0x08,0x00,0x00,0x00,0};
unsigned char g_SpuTransferCompleted[8] __attribute__((aligned(16))) = {0x01,0x00,0x00,0x00,0};
unsigned char g_SpuTransferCallback[8] __attribute__((aligned(16))) = {0x00,0x00,0x00,0x00,0};
unsigned char g_SpuIrqCallback[8] __attribute__((aligned(16))) = {0x00,0x00,0x00,0x00,0};
unsigned char g_SpuDummyAdpcmBlock[16] __attribute__((aligned(16))) = {0x07,0x07,0x07,0x07,0x07,0x07,0x07,0x07,0x07,0x07,0x07,0x07,0x07,0x07,0x07,0x07};
unsigned char g_SpuTransferIsRead[8] __attribute__((aligned(16))) = {0x00,0x00,0x00,0x00,0};
unsigned char g_SpuDmaTransferAddr[8] __attribute__((aligned(16))) = {0x00,0x00,0x00,0x00,0};
unsigned char g_SpuDmaBlockCount[8] __attribute__((aligned(16))) = {0x00,0x00,0x00,0x00,0};
unsigned char _spu_AllocBlockNum[8] __attribute__((aligned(16))) = {0x00,0x00,0x00,0x00,0};
unsigned char _spu_AllocLastNum[8] __attribute__((aligned(16))) = {0x00,0x00,0x00,0x00,0};
unsigned char _spu_memList[8] __attribute__((aligned(16))) = {0x00,0x00,0x00,0x00,0};
unsigned char g_SpuRevWorkAreaStartAddr[80] __attribute__((aligned(16))) = {0xfe,0xff,0x00,0x00,0x28,0xfb,0x00,0x00,0x18,0xfc,0x00,0x00,0xf8,0xf6,0x00,0x00,0x04,0xf2,0x00,0x00,0x44,0xea,0x00,0x00,0x28,0xe1,0x00,0x00,0xf8,0xcf,0x00,0x00,0xf8,0xcf,0x00,0x00,0x80,0xf8,0x00,0x00,0x02,0x00,0x00,0x00,0xd8,0x04,0x00,0x00,0xd8,0x03,0x00,0x00,0x08,0x09,0x00,0x00,0xfc,0x0d,0x00,0x00,0xbc,0x15,0x00,0x00,0xd8,0x1e,0x00,0x00,0x08,0x30,0x00,0x00,0x08,0x30,0x00,0x00,0x80,0x07,0x00,0x00};
unsigned char g_SpuRevAttrTable[700] __attribute__((aligned(16))) = {0x00,0x00,0x00,0x00,0x00,0x00,0x00,0x00,0x00,0x00,0x00,0x00,0x00,0x00,0x00,0x00,0x00,0x00,0x00,0x00,0x00,0x00,0x00,0x00,0x00,0x00,0x00,0x00,0x00,0x00,0x00,0x00,0x00,0x00,0x00,0x00,0x00,0x00,0x00,0x00,0x00,0x00,0x00,0x00,0x00,0x00,0x00,0x00,0x00,0x00,0x00,0x00,0x00,0x00,0x00,0x00,0x00,0x00,0x00,0x00,0x00,0x00,0x00,0x00,0x00,0x00,0x00,0x00,0x00,0x00,0x00,0x00,0x7d,0x00,0x5b,0x00,0x80,0x6d,0xb8,0x54,0xd0,0xbe,0x00,0x00,0x00,0x00,0x80,0xba,0x00,0x58,0x00,0x53,0xd6,0x04,0x33,0x03,0xf0,0x03,0x27,0x02,0x74,0x03,0xef,0x01,0x34,0x03,0xb5,0x01,0x00,0x00,0x00,0x00,0x00,0x00,0x00,0x00,0x00,0x00,0x00,0x00,0x00,0x00,0x00,0x00,0xb4,0x01,0x36,0x01,0xb8,0x00,0x5c,0x00,0x00,0x80,0x00,0x80,0x00,0x00,0x00,0x00,0x33,0x00,0x25,0x00,0xf0,0x70,0xa8,0x4f,0xe0,0xbc,0x10,0x44,0xf0,0xc0,0x00,0x9c,0x80,0x52,0xc0,0x4e,0xe4,0x03,0x1b,0x03,0xa4,0x03,0xaf,0x02,0x72,0x03,0x66,0x02,0x1c,0x03,0x5d,0x02,0x5c,0x02,0x8e,0x01,0x2f,0x02,0x35,0x01,0xd2,0x01,0xb7,0x00,0x8f,0x01,0xb5,0x00,0xb4,0x00,0x80,0x00,0x4c,0x00,0x26,0x00,0x00,0x80,0x00,0x80,0x00,0x00,0x00,0x00,0xb1,0x00,0x7f,0x00,0xf0,0x70,0xa8,0x4f,0xe0,0xbc,0x10,0x45,0xf0,0xbe,0xc0,0xb4,0x80,0x52,0xc0,0x4e,0x04,0x09,0x6b,0x07,0x24,0x08,0x5f,0x06,0xa2,0x07,0x16,0x06,0x6c,0x07,0xed,0x05,0xec,0x05,0x2e,0x04,0x0f,0x05,0x05,0x03,0x62,0x04,0xb7,0x02,0x2f,0x04,0x65,0x02,0x64,0x02,0xb2,0x01,0x00,0x01,0x80,0x00,0x00,0x80,0x00,0x80,0x00,0x00,0x00,0x00,0xe3,0x00,0xa9,0x00,0x60,0x6f,0xa8,0x4f,0xe0,0xbc,0x10,0x45,0xf0,0xbe,0x80,0xa6,0x80,0x56,0xc0,0x52,0xfb,0x0d,0x58,0x0b,0x09,0x0d,0x3c,0x0a,0xd9,0x0b,0x73,0x09,0x59,0x0b,0xda,0x08,0xd9,0x08,0xe9,0x05,0xec,0x07,0xb0,0x04,0xef,0x06,0xd2,0x03,0xea,0x05,0x1d,0x03,0x1c,0x03,0x38,0x02,0x54,0x01,0xaa,0x00,0x00,0x80,0x00,0x80,0x00,0x00,0x00,0x00,0xa5,0x01,0x39,0x01,0x00,0x60,0x00,0x50,0x00,0x4c,0x00,0xb8,0x00,0xbc,0x00,0xc0,0x00,0x60,0x00,0x5c,0xba,0x15,0xbb,0x11,0xc2,0x14,0xbd,0x10,0xbc,0x11,0xc1,0x0d,0xc0,0x11,0xc3,0x0d,0xc0,0x0d,0xc1,0x09,0xc4,0x0b,0xc1,0x07,0x00,0x0a,0xcd,0x06,0xc2,0x09,0xc1,0x05,0xc0,0x05,0x1a,0x04,0x74,0x02,0x3a,0x01,0x00,0x80,0x00,0x80,0x00,0x00,0x00,0x00,0x3d,0x03,0x31,0x02,0x00,0x7e,0x00,0x50,0x00,0xb4,0x00,0xb0,0x00,0x4c,0x00,0xb0,0x00,0x60,0x00,0x54,0xd6,0x1e,0x31,0x1a,0x14,0x1d,0x3b,0x18,0xc2,0x1b,0xb2,0x16,0x32,0x1a,0xef,0x15,0xee,0x15,0x55,0x10,0x34,0x13,0x2d,0x0f,0xf6,0x11,0x5d,0x0c,0x56,0x10,0xe1,0x0a,0xe0,0x0a,0xa2,0x07,0x64,0x04,0x32,0x02,0x00,0x80,0x00,0x80,0x00,0x00,0x00,0x00,0x01,0x00,0x01,0x00,0xff,0x7f,0xff,0x7f,0x00,0x00,0x00,0x00,0x00,0x00,0x00,0x81,0x00,0x00,0x00,0x00,0xff,0x1f,0xff,0x0f,0x05,0x10,0x05,0x00,0x00,0x00,0x00,0x00,0x05,0x10,0x05,0x00,0x00,0x00,0x00,0x00,0x00,0x00,0x00,0x00,0x00,0x00,0x00,0x00,0x00,0x00,0x00,0x00,0x04,0x10,0x02,0x10,0x04,0x00,0x02,0x00,0x00,0x80,0x00,0x80,0x00,0x00,0x00,0x00,0x01,0x00,0x01,0x00,0xff,0x7f,0xff,0x7f,0x00,0x00,0x00,0x00,0x00,0x00,0x00,0x00,0x00,0x00,0x00,0x00,0xff,0x1f,0xff,0x0f,0x05,0x10,0x05,0x00,0x00,0x00,0x00,0x00,0x05,0x10,0x05,0x00,0x00,0x00,0x00,0x00,0x00,0x00,0x00,0x00,0x00,0x00,0x00,0x00,0x00,0x00,0x00,0x00,0x04,0x10,0x02,0x10,0x04,0x00,0x02,0x00,0x00,0x80,0x00,0x80,0x00,0x00,0x00,0x00,0x17,0x00,0x13,0x00,0xf0,0x70,0xa8,0x4f,0xe0,0xbc,0x10,0x45,0xf0,0xbe,0x00,0x85,0x80,0x5f,0xc0,0x54,0x71,0x03,0xaf,0x02,0xe5,0x02,0xdf,0x01,0xb0,0x02,0xd7,0x01,0x58,0x03,0x6a,0x02,0xd6,0x01,0x1e,0x01,0x2d,0x01,0xb1,0x00,0x1f,0x01,0x59,0x00,0xa0,0x01,0xe3,0x00,0x58,0x00,0x40,0x00,0x28,0x00,0x14,0x00,0x00,0x80,0x00,0x80,0x00,0x00,0x00,0x00,0x00,0x00,0x00,0x00,0x00,0x00,0x00,0x00,0x00,0x00,0x00,0x00,0x00,0x00,0x00,0x00};
s32 g_LibcOutColumn;
unsigned char g_CdSyncResult[8] __attribute__((aligned(16)));
unsigned char g_CdReadyResult[8] __attribute__((aligned(16)));
unsigned char g_CdDataEndResult[8] __attribute__((aligned(16)));
unsigned char g_CdTimeoutDeadline[8] __attribute__((aligned(16)));
unsigned char g_CdTimeoutCounter[8] __attribute__((aligned(16)));
unsigned char g_CdTimeoutName[8] __attribute__((aligned(16)));
/* CdlFILE: 1536 bytes. Writing through the declared type ran 1528
 * bytes past this object, into whatever the linker placed next. */
unsigned char g_CdFileCache[1536] __attribute__((aligned(16)));
unsigned char g_CdPathEntryLbaByDirNum[36] __attribute__((aligned(16)));
unsigned char g_CdPathTable[8] __attribute__((aligned(16)));
unsigned char g_CdPathEntryParentDir[8] __attribute__((aligned(16)));
unsigned char g_CdDirEntryName[5620] __attribute__((aligned(16)));
unsigned char g_CdSectorBuf[140] __attribute__((aligned(16)));
unsigned char g_CdRootDirLba[1908] __attribute__((aligned(16)));
unsigned char g_SndVoiceRegs[8] __attribute__((aligned(16)));
unsigned char g_SndVoiceFlags[24] __attribute__((aligned(16)));
unsigned char g_SndVoiceState[8] __attribute__((aligned(16)));
unsigned char g_SndVoiceSilenceIndex[8] __attribute__((aligned(16)));
unsigned char g_SndVoiceSilenceHistory[68] __attribute__((aligned(16)));
unsigned char g_SpuMallocArea[136] __attribute__((aligned(16)));
unsigned char g_SndKeyOnLow[8] __attribute__((aligned(16)));
unsigned char g_SndKeyOnHigh[8] __attribute__((aligned(16)));
unsigned char g_SndReverbOnLow[8] __attribute__((aligned(16)));
unsigned char g_SndReverbOnHigh[8] __attribute__((aligned(16)));
/* SpuReverbAttr: 24 bytes. Writing through the declared type ran 16
 * bytes past this object, into whatever the linker placed next. */
unsigned char g_SndReverbAttr[24] __attribute__((aligned(16)));
unsigned char g_SndVabProgTable[64] __attribute__((aligned(16)));
unsigned char g_SndVabHeader[68] __attribute__((aligned(16)));
short g_SndDamper;
unsigned char g_SndVabToneTable[64] __attribute__((aligned(16)));
short g_SndMonoMode;
short g_SndVabProgMax;
unsigned char g_SndCurrentProgTable[8] __attribute__((aligned(16)));
unsigned char g_SndCurrentVabHeader[8] __attribute__((aligned(16)));
unsigned char g_SndCurrentToneTable[8] __attribute__((aligned(16)));
unsigned char g_SndVoiceCount[8] __attribute__((aligned(16)));
unsigned char g_SndSeqOpenMask[8] __attribute__((aligned(16)));
unsigned char g_SndCurrentAttr[8] __attribute__((aligned(16)));
unsigned char g_SndCurrentVabId[8] __attribute__((aligned(16)));
unsigned char g_SndCurrentNote[8] __attribute__((aligned(16)));
unsigned char g_SndCurrentVolume[8] __attribute__((aligned(16)));
unsigned char g_SndCurrentPan[8] __attribute__((aligned(16)));
unsigned char g_SndCurrentProg[8] __attribute__((aligned(16)));
unsigned char g_SndCurrentProgActual[8] __attribute__((aligned(16)));
unsigned char g_SndCurrentMasterVolume[8] __attribute__((aligned(16)));
unsigned char g_SndCurrentMasterPan[8] __attribute__((aligned(16)));
unsigned char g_SndCurrentTone[8] __attribute__((aligned(16)));
unsigned char g_SndCurrentToneVolume[8] __attribute__((aligned(16)));
unsigned char g_SndCurrentTonePan[8] __attribute__((aligned(16)));
unsigned char g_SndCurrentPriority[8] __attribute__((aligned(16)));
unsigned char g_SndCurrentToneCenter[8] __attribute__((aligned(16)));
unsigned char g_SndCurrentToneShift[8] __attribute__((aligned(16)));
unsigned char g_SndCurrentToneMode[8] __attribute__((aligned(16)));
short g_SndCurrentSeqSep;
unsigned char g_SndCurrentVag[8] __attribute__((aligned(16)));
unsigned char g_SndCurrentVoice[8] __attribute__((aligned(16)));
short g_SndCurrentVoiceRegOffset;
short g_SndCurrentToneIndex;
unsigned char g_SndVabStatus[16] __attribute__((aligned(16)));
unsigned char g_SndReservedVoiceCount[8] __attribute__((aligned(16)));
unsigned char g_SndTickResolution[8] __attribute__((aligned(16)));
unsigned char g_SndSeqTable[128] __attribute__((aligned(16)));
unsigned char g_SndMarkCallbacks[2052] __attribute__((aligned(16)));
short g_SndSeqTableSMax;
short g_SndSeqTableTMax;
unsigned char g_SndVabBodySize[64] __attribute__((aligned(16)));
unsigned char g_SndVabOpenCount[8] __attribute__((aligned(16)));
unsigned char g_SndVabSpuAddr[64] __attribute__((aligned(16)));
unsigned char g_SndVabBodyAddr[68] __attribute__((aligned(16)));
unsigned char g_SndKeyOffLow[8] __attribute__((aligned(16)));
unsigned char g_SndKeyOffHigh[8] __attribute__((aligned(16)));
